Category_Name,Station_Name,Start_Date,End_Date
Water Discharge Daily,Kompong Cham,1960-01-01,2002-12-31
Water Discharge Daily,Ban Pak Huai,1967-01-01,2007-12-31
Water Discharge Daily,Chiang Khan,1967-01-01,2023-11-27
Water Discharge Daily,Yasothom,1952-01-01,2003-12-31
Water Discharge Daily,Vam Nao,2001-01-01,2007-12-31
Water Discharge Daily,Ban Chot,1975-04-01,2003-12-31
Water Discharge Daily,Battambang,1962-04-03,2002-12-31
Water Discharge Daily,Chroy Chang Var,1960-01-01,2002-12-31
Water Discharge Daily,Chantangoy,1960-02-06,2002-12-31
Water Discharge Daily,Kratie,1924-01-01,2023-11-27
Water Discharge Daily,Ban Pak Kanhoung,1963-01-01,2005-12-31
Water Discharge Daily,Ban Tha Mai Liam,1969-04-01,2003-12-31
Water Discharge Daily,Ban Don,1991-12-31,2013-05-05
Water Discharge Daily,Lumphat,1965-01-01,2023-11-27
Water Discharge Daily,Khong Chiam,1966-01-01,2023-11-27
Water Discharge Daily,Nakhon Phanom,1924-01-01,2023-11-27
Water Discharge Daily,Ban Nong Kiang,1975-04-01,2003-12-31
Water Discharge Daily,Vientiane KM4,1913-01-01,2006-12-31
Water Discharge Daily,Cau 14 (Buon Bur),1967-04-02,2006-12-31
Water Discharge Daily,My Thuan,2001-01-01,2007-12-31
Water Discharge Daily,Nong Khai,1969-01-01,2023-11-27
Water Discharge Daily,Chiang Saen,1960-01-01,2023-11-27
Water Discharge Daily,Ban Kamphun,1960-01-01,2002-12-31
Water Discharge Daily,Chaktomuk,1960-01-01,2002-12-31
Water Discharge Daily,Ban Tad Ton,1976-05-03,2003-12-28
Water Discharge Daily,Ban Huai Yano Mai,1975-04-01,2003-12-31
Water Discharge Daily,Ban Huai Khayuong,1979-04-26,2003-12-31
Water Discharge Daily,Can Tho,2001-01-01,2007-12-31
Water Discharge Daily,Ban Kengdone,1960-02-16,2023-10-28
Water Discharge Daily,Pakse,1923-01-01,2023-11-27
Water Discharge Daily,Mukdahan,1923-01-01,2023-11-27
Water Discharge Daily,Ban Na Luang,1987-01-01,2005-12-31
Water Discharge Daily,Ban Tha Ton,1969-04-01,2005-12-31
Water Discharge Daily,Stung Treng,1910-01-01,2023-11-27
Water Discharge Daily,Duc Xuyen,1985-01-01,2007-12-31
Water Discharge Daily,Kontum,1967-01-01,2013-05-05
Rainfall Manual,Cai Lay,1997-12-31,2006-12-31
Rainfall Manual,Kompong Cham,1920-01-01,2017-12-31
Rainfall Manual,Nong Khai,1951-12-31,2018-12-31
Rainfall Manual,Dak Nong,1979-12-31,2023-11-27
Rainfall Manual,Tan Hiep,1997-12-31,2006-12-31
Rainfall Manual,Buon Me Thuoc,1927-02-01,2023-11-27
Rainfall Manual,Tan Chau,1997-12-31,2023-11-27
Rainfall Manual,Vientiane KM4,1920-01-01,2018-12-31
Rainfall Manual,Lumphat,1961-01-01,2005-12-31
Rainfall Manual,Chiang Khan,1965-12-31,2018-12-31
Rainfall Manual,Kontum,2007-02-22,2023-11-27
Rainfall Manual,My Thuan,2006-08-01,2023-11-27
Rainfall Manual,Buon Ho,1984-12-31,2023-11-27
Rainfall Manual,Pleiku,1927-06-01,2023-11-27
Rainfall Manual,Luang Prabang,1920-01-01,2018-12-31
Rainfall Manual,Ca Mau,1980-01-01,2012-12-31
Rainfall Manual,Ben Luc,1997-12-31,2006-12-31
Rainfall Manual,Chau Doc,1920-01-01,2023-11-24
Rainfall Manual,Kratie,1920-01-01,2018-12-31
Rainfall Manual,Batri,1997-12-31,2006-12-31
Rainfall Manual,Dak To,1984-12-31,2023-11-27
Rainfall Manual,Pakse,1929-01-01,2018-12-31
Rainfall Manual,Nakhon Phanom,1952-12-31,2018-12-31
Rainfall Manual,Yasothon,1965-12-31,2005-12-31
Rainfall Manual,Mukdahan,1949-12-31,2018-12-31
Rainfall Manual,Khong Chiam,1976-12-31,2018-12-31
Rainfall Manual,Cai Be,1997-12-31,2006-12-31
Rainfall Manual,Can Tho,1920-01-01,2023-11-27
Rainfall Manual,Vi Thanh,1980-01-01,2012-12-31
Rainfall Manual,Cho Moi,1997-12-31,2006-12-31
Rainfall Manual,My Tho,1984-12-31,2006-12-31
Rainfall Manual,Stung Treng,1920-02-01,2018-12-31
Rainfall Manual,Ban Don,1979-12-31,2023-11-27
Rainfall Manual,Chiang Saen,1965-12-31,2023-11-27
Rainfall Manual,Phnom Penh Port,1963-01-01,2023-06-07
Rainfall Manual,Vam Nao,2007-09-02,2023-11-27
Rainfall Manual,Phung Hiep,1980-01-01,2012-12-31
Rainfall Manual,Dai Ngai,1980-01-01,2012-12-31
Sediment Concentration,Chiang Saen,1962-02-22,2007-12-27
Sediment Concentration,Khong Chiam,1966-05-10,2007-12-27
Sediment Concentration,Luang Prabang,1962-01-03,2002-12-04
Sediment Concentration,Nong Khai,1972-04-20,2007-12-28
Sediment Concentration,Mukdahan,1962-01-04,2007-12-18
Sediment Concentration,Nakhon Phanom,1972-04-07,2007-12-17
Sediment Concentration,Pakse,1962-01-03,2002-12-18
Sediment Concentration (DSMP),Khong Chiam,2009-01-07,2019-06-26
Sediment Concentration (DSMP),Chiang Saen,2009-01-05,2019-12-18
Sediment Concentration (DSMP),Pakse,2011-06-16,2019-12-17
Sediment Concentration (DSMP),Nakhon Phanom,2012-01-08,2015-07-26
Sediment Concentration (DSMP),Mukdahan,2009-01-05,2019-10-28
Sediment Concentration (DSMP),Stung Treng,2011-06-07,2019-12-19
Sediment Concentration (DSMP),Kratie,2011-06-06,2019-12-18
Sediment Concentration (DSMP),Nong Khai,2009-01-08,2019-11-28
Total Suspended Solids,Pakse,1986-01-14,2021-12-14
Total Suspended Solids,Phnom Penh Port,1995-07-14,2021-12-14
Total Suspended Solids,Nakhon Phanom,1985-06-14,2021-12-14
Total Suspended Solids,Stung Treng,2004-10-14,2021-12-14
Total Suspended Solids,Kompong Cham,1993-08-14,2021-12-14
Total Suspended Solids,Luang Prabang,1985-05-14,2021-12-14
Total Suspended Solids,Khong Chiam,1985-06-14,2021-12-14
Total Suspended Solids,Vientiane KM4,1985-07-14,2021-12-14
Total Suspended Solids,Chiang Saen,1985-04-14,2021-12-14
Total Suspended Solids,Kratie,1995-07-14,2021-12-14
Water Level,Vam Kenh,1992-01-01,2023-11-27
Water Level,Ban Tha Ton,1969-01-01,2005-12-30
Water Level,Ban Huai Khayuong,1979-04-01,2003-12-31
Water Level,Cai Lay,1987-01-01,2012-12-31
Water Level,Ban Nong Kiang,1975-04-01,2003-12-31
Water Level,Ban Kengdone,1960-02-16,2023-10-28
Water Level,Battambang,1962-04-01,2012-12-31
Water Level,Mukdahan,1960-01-01,2023-11-27
Water Level,Phung Hiep,1985-01-01,2023-12-07
Water Level,Ban Pak Huai,1967-04-01,2007-12-31
Water Level,Kompong Cham,1930-01-01,2023-11-27
Water Level,Giang Son,2011-01-11,2023-12-07
Water Level,Chaktomuk,1960-01-01,2023-11-27
Water Level,Chiang Khan,1965-01-01,2023-11-27
Water Level,Chantangoy,1960-02-06,2008-12-31
Water Level,Cau 14 (Buon Bur),1966-01-01,2012-12-31
Water Level,Ban Kamphun,1960-02-05,2008-12-31
Water Level,Chiang Saen,1960-04-30,2023-11-27
Water Level,Vam Nao,1985-01-01,2023-11-27
Water Level,Ban Tad Ton,1976-04-01,2003-12-31
Water Level,Kontum,1966-01-01,2023-11-27
Water Level,Ban Tha Mai Liam,1969-01-01,2003-12-31
Water Level,Ban Pak Kanhoung,1963-01-01,2023-11-27
Water Level,Khong Chiam,1966-01-01,2023-11-27
Water Level,Lumphat,1965-01-01,2023-11-27
Water Level,Chau Doc,1960-06-29,2023-11-27
Water Level,Ban Don,1992-01-01,2023-11-27
Water Level,Nakhon Phanom,1972-04-01,2023-11-27
Water Level,Ban Huai Yano Mai,1975-04-01,2003-12-31
Water Level,My Thuan,1960-06-30,2023-11-27
Water Level,Pakse,1960-01-01,2023-11-27
Water Level,Nong Khai,1965-01-01,2023-11-27
Water Level,Dinh An,1992-01-01,2012-12-30
Water Level,Luang Prabang,1960-01-01,2023-11-27
Water Level,Can Tho,1979-04-01,2023-11-27
Water Level,Dai Ngai,1985-01-01,2012-12-30
Water Level,Phnom Penh Port,1960-01-01,2023-11-27
Water Level,Jinghong,2010-07-31,2023-12-07
Water Level,Ban Na Luang,1986-06-03,2006-12-31
Water Level,Tan Chau,1979-04-01,2023-11-27
Water Level,Stung Treng,1910-01-01,2023-11-27
Water Level,My Tho,1985-01-01,2012-12-31
Water Level,Ban Chot,1975-04-01,2003-12-31
Water Level,Yasothom,1962-01-01,2003-12-31
Water Level,Cho Moi,1980-04-01,2012-12-31
Water Level,Tan Hiep,1985-01-01,2012-12-31
Water Level,Cho Lach,1987-01-01,2012-12-30
Water Level,Chroy Chang Var,1960-01-01,2012-12-31
Water Level,Duc Xuyen,1985-01-01,2023-11-27
Water Level,Vientiane KM4,1923-01-01,2023-11-27
Water Level,Kratie,1933-01-08,2023-11-27
Water Level,Vi Thanh,1985-01-01,2012-12-30
