Timestamp,Rainfall,Rainfall_imputed
1997-12-31,0.000,No
1998-01-01,0.000,No
1998-01-02,0.000,No
1998-01-03,0.000,No
1998-01-04,0.000,No
1998-01-05,0.000,No
1998-01-06,0.000,No
1998-01-07,0.000,No
1998-01-08,0.000,No
1998-01-09,0.000,No
1998-01-10,0.000,No
1998-01-11,0.000,No
1998-01-12,0.000,No
1998-01-13,0.000,No
1998-01-14,0.000,No
1998-01-15,0.000,No
1998-01-16,0.000,No
1998-01-17,0.000,No
1998-01-18,0.000,No
1998-01-19,0.000,No
1998-01-20,0.000,No
1998-01-21,0.000,No
1998-01-22,0.000,No
1998-01-23,0.000,No
1998-01-24,0.000,No
1998-01-25,0.000,No
1998-01-26,0.000,No
1998-01-27,0.000,No
1998-01-28,0.000,No
1998-01-29,0.000,No
1998-01-30,0.000,No
1998-01-31,0.000,No
1998-02-01,0.000,No
1998-02-02,0.000,No
1998-02-03,0.000,No
1998-02-04,0.000,No
1998-02-05,0.000,No
1998-02-06,0.000,No
1998-02-07,0.000,No
1998-02-08,0.000,No
1998-02-09,0.000,No
1998-02-10,0.000,No
1998-02-11,0.000,No
1998-02-12,0.000,No
1998-02-13,0.000,No
1998-02-14,0.000,No
1998-02-15,0.000,No
1998-02-16,0.000,No
1998-02-17,0.000,No
1998-02-18,0.000,No
1998-02-19,0.000,No
1998-02-20,0.000,No
1998-02-21,0.000,No
1998-02-22,0.000,No
1998-02-23,0.000,No
1998-02-24,0.000,No
1998-02-25,0.000,No
1998-02-26,0.000,No
1998-02-27,0.000,No
1998-02-28,0.000,No
1998-03-01,0.000,No
1998-03-02,0.000,No
1998-03-03,0.000,No
1998-03-04,0.000,No
1998-03-05,0.000,No
1998-03-06,0.000,No
1998-03-07,0.000,No
1998-03-08,0.000,No
1998-03-09,0.000,No
1998-03-10,0.000,No
1998-03-11,0.000,No
1998-03-12,0.000,No
1998-03-13,0.000,No
1998-03-14,0.000,No
1998-03-15,0.000,No
1998-03-16,0.000,No
1998-03-17,0.000,No
1998-03-18,0.000,No
1998-03-19,0.000,No
1998-03-20,0.000,No
1998-03-21,0.000,No
1998-03-22,0.000,No
1998-03-23,0.000,No
1998-03-24,0.000,No
1998-03-25,0.000,No
1998-03-26,0.000,No
1998-03-27,0.000,No
1998-03-28,0.000,No
1998-03-29,0.000,No
1998-03-30,0.000,No
1998-03-31,0.000,No
1998-04-01,0.000,No
1998-04-02,0.000,No
1998-04-03,0.000,No
1998-04-04,0.000,No
1998-04-05,0.000,No
1998-04-06,0.000,No
1998-04-07,0.000,No
1998-04-08,0.000,No
1998-04-09,0.000,No
1998-04-10,0.000,No
1998-04-11,0.000,No
1998-04-12,0.000,No
1998-04-13,0.000,No
1998-04-14,0.000,No
1998-04-15,0.000,No
1998-04-16,0.000,No
1998-04-17,3.200,No
1998-04-18,0.000,No
1998-04-19,52.300,No
1998-04-20,0.000,No
1998-04-21,0.000,No
1998-04-22,0.000,No
1998-04-23,0.000,No
1998-04-24,0.000,No
1998-04-25,0.000,No
1998-04-26,0.000,No
1998-04-27,0.000,No
1998-04-28,0.000,No
1998-04-29,0.000,No
1998-04-30,0.000,No
1998-05-01,0.000,No
1998-05-02,0.000,No
1998-05-03,0.000,No
1998-05-04,0.000,No
1998-05-05,0.000,No
1998-05-06,0.000,No
1998-05-07,0.000,No
1998-05-08,4.500,No
1998-05-09,0.000,No
1998-05-10,0.000,No
1998-05-11,0.000,No
1998-05-12,0.000,No
1998-05-13,0.000,No
1998-05-14,0.000,No
1998-05-15,0.000,No
1998-05-16,5.700,No
1998-05-17,0.000,No
1998-05-18,0.000,No
1998-05-19,0.000,No
1998-05-20,0.000,No
1998-05-21,0.000,No
1998-05-22,0.000,No
1998-05-23,0.000,No
1998-05-24,0.000,No
1998-05-25,3.200,No
1998-05-26,10.000,No
1998-05-27,3.700,No
1998-05-28,2.600,No
1998-05-29,8.500,No
1998-05-30,2.500,No
1998-05-31,7.900,No
1998-06-01,0.000,No
1998-06-02,5.200,No
1998-06-03,0.000,No
1998-06-04,0.000,No
1998-06-05,0.000,No
1998-06-06,0.000,No
1998-06-07,0.000,No
1998-06-08,0.000,No
1998-06-09,0.000,No
1998-06-10,0.000,No
1998-06-11,0.000,No
1998-06-12,7.500,No
1998-06-13,6.200,No
1998-06-14,0.000,No
1998-06-15,0.000,No
1998-06-16,0.000,No
1998-06-17,0.000,No
1998-06-18,3.700,No
1998-06-19,4.500,No
1998-06-20,0.000,No
1998-06-21,0.000,No
1998-06-22,0.000,No
1998-06-23,0.000,No
1998-06-24,2.400,No
1998-06-25,2.500,No
1998-06-26,24.300,No
1998-06-27,32.700,No
1998-06-28,11.800,No
1998-06-29,34.100,No
1998-06-30,27.900,No
1998-07-01,11.800,No
1998-07-02,5.900,No
1998-07-03,4.200,No
1998-07-04,7.300,No
1998-07-05,0.000,No
1998-07-06,0.000,No
1998-07-07,0.000,No
1998-07-08,0.000,No
1998-07-09,6.700,No
1998-07-10,0.000,No
1998-07-11,0.000,No
1998-07-12,0.000,No
1998-07-13,16.400,No
1998-07-14,0.000,No
1998-07-15,0.000,No
1998-07-16,0.000,No
1998-07-17,0.000,No
1998-07-18,0.000,No
1998-07-19,0.000,No
1998-07-20,6.200,No
1998-07-21,0.000,No
1998-07-22,0.000,No
1998-07-23,18.500,No
1998-07-24,0.000,No
1998-07-25,0.000,No
1998-07-26,0.000,No
1998-07-27,27.500,No
1998-07-28,35.100,No
1998-07-29,0.000,No
1998-07-30,0.000,No
1998-07-31,0.000,No
1998-08-01,0.000,No
1998-08-02,7.800,No
1998-08-03,65.900,No
1998-08-04,0.000,No
1998-08-05,0.000,No
1998-08-06,0.000,No
1998-08-07,0.000,No
1998-08-08,0.000,No
1998-08-09,0.000,No
1998-08-10,0.000,No
1998-08-11,0.000,No
1998-08-12,4.200,No
1998-08-13,36.700,No
1998-08-14,42.400,No
1998-08-15,0.000,No
1998-08-16,0.000,No
1998-08-17,0.000,No
1998-08-18,0.000,No
1998-08-19,0.000,No
1998-08-20,0.000,No
1998-08-21,0.000,No
1998-08-22,28.300,No
1998-08-23,17.600,No
1998-08-24,16.500,No
1998-08-25,23.800,No
1998-08-26,3.400,No
1998-08-27,0.000,No
1998-08-28,0.000,No
1998-08-29,0.000,No
1998-08-30,5.700,No
1998-08-31,0.000,No
1998-09-01,0.000,No
1998-09-02,0.000,No
1998-09-03,0.000,No
1998-09-04,6.500,No
1998-09-05,16.300,No
1998-09-06,0.000,No
1998-09-07,0.000,No
1998-09-08,0.000,No
1998-09-09,3.600,No
1998-09-10,0.000,No
1998-09-11,4.200,No
1998-09-12,15.200,No
1998-09-13,12.700,No
1998-09-14,21.500,No
1998-09-15,18.200,No
1998-09-16,14.400,No
1998-09-17,12.800,No
1998-09-18,0.000,No
1998-09-19,13.700,No
1998-09-20,0.000,No
1998-09-21,0.000,No
1998-09-22,0.000,No
1998-09-23,3.800,No
1998-09-24,19.100,No
1998-09-25,25.100,No
1998-09-26,27.200,No
1998-09-27,25.200,No
1998-09-28,6.200,No
1998-09-29,11.700,No
1998-09-30,0.000,No
1998-10-01,0.000,No
1998-10-02,0.000,No
1998-10-03,0.000,No
1998-10-04,0.000,No
1998-10-05,0.000,No
1998-10-06,0.000,No
1998-10-07,0.000,No
1998-10-08,12.400,No
1998-10-09,0.000,No
1998-10-10,6.900,No
1998-10-11,13.800,No
1998-10-12,0.000,No
1998-10-13,0.000,No
1998-10-14,6.200,No
1998-10-15,17.400,No
1998-10-16,2.300,No
1998-10-17,0.000,No
1998-10-18,4.200,No
1998-10-19,11.800,No
1998-10-20,7.700,No
1998-10-21,13.800,No
1998-10-22,15.900,No
1998-10-23,6.700,No
1998-10-24,0.000,No
1998-10-25,0.000,No
1998-10-26,0.000,No
1998-10-27,0.000,No
1998-10-28,0.000,No
1998-10-29,3.400,No
1998-10-30,14.900,No
1998-10-31,28.700,No
1998-11-01,9.500,No
1998-11-02,0.000,No
1998-11-03,12.400,No
1998-11-04,0.000,No
1998-11-05,6.700,No
1998-11-06,13.500,No
1998-11-07,0.000,No
1998-11-08,0.000,No
1998-11-09,0.000,No
1998-11-10,5.400,No
1998-11-11,0.000,No
1998-11-12,0.000,No
1998-11-13,29.100,No
1998-11-14,37.700,No
1998-11-15,21.300,No
1998-11-16,0.000,No
1998-11-17,0.000,No
1998-11-18,6.200,No
1998-11-19,0.000,No
1998-11-20,0.000,No
1998-11-21,0.000,No
1998-11-22,0.000,No
1998-11-23,0.000,No
1998-11-24,0.000,No
1998-11-25,0.000,No
1998-11-26,0.000,No
1998-11-27,0.000,No
1998-11-28,12.700,No
1998-11-29,0.000,No
1998-11-30,0.000,No
1998-12-01,0.000,No
1998-12-02,0.000,No
1998-12-03,3.700,No
1998-12-04,0.000,No
1998-12-05,0.000,No
1998-12-06,0.000,No
1998-12-07,0.000,No
1998-12-08,0.000,No
1998-12-09,2.500,No
1998-12-10,25.700,No
1998-12-11,49.900,No
1998-12-12,25.200,No
1998-12-13,0.000,No
1998-12-14,0.000,No
1998-12-15,0.000,No
1998-12-16,0.000,No
1998-12-17,0.000,No
1998-12-18,0.000,No
1998-12-19,0.000,No
1998-12-20,0.000,No
1998-12-21,0.000,No
1998-12-22,25.700,No
1998-12-23,0.000,No
1998-12-24,0.000,No
1998-12-25,5.200,No
1998-12-26,0.000,No
1998-12-27,0.000,No
1998-12-28,0.000,No
1998-12-29,0.000,No
1998-12-30,0.000,No
1998-12-31,0.000,No
1999-01-01,0.000,Yes
1999-01-02,0.000,Yes
1999-01-03,0.000,Yes
1999-01-04,0.000,Yes
1999-01-05,0.000,Yes
1999-01-06,0.000,Yes
1999-01-07,0.000,Yes
1999-01-08,0.000,Yes
1999-01-09,0.000,Yes
1999-01-10,0.000,Yes
1999-01-11,0.000,Yes
1999-01-12,0.000,Yes
1999-01-13,0.000,Yes
1999-01-14,0.000,Yes
1999-01-15,0.000,Yes
1999-01-16,0.000,Yes
1999-01-17,0.000,Yes
1999-01-18,0.000,Yes
1999-01-19,0.000,Yes
1999-01-20,0.000,Yes
1999-01-21,0.000,Yes
1999-01-22,0.000,Yes
1999-01-23,0.000,Yes
1999-01-24,0.000,Yes
1999-01-25,0.000,Yes
1999-01-26,0.000,Yes
1999-01-27,0.000,Yes
1999-01-28,0.000,Yes
1999-01-29,0.000,Yes
1999-01-30,0.000,Yes
1999-01-31,0.000,Yes
1999-02-01,0.000,Yes
1999-02-02,0.000,Yes
1999-02-03,0.000,Yes
1999-02-04,0.000,Yes
1999-02-05,0.000,Yes
1999-02-06,0.000,Yes
1999-02-07,0.000,Yes
1999-02-08,0.000,Yes
1999-02-09,0.000,Yes
1999-02-10,0.000,Yes
1999-02-11,0.000,Yes
1999-02-12,0.000,Yes
1999-02-13,0.000,Yes
1999-02-14,0.000,Yes
1999-02-15,0.000,Yes
1999-02-16,0.000,Yes
1999-02-17,0.000,Yes
1999-02-18,0.000,Yes
1999-02-19,0.000,Yes
1999-02-20,0.000,Yes
1999-02-21,0.000,Yes
1999-02-22,0.000,Yes
1999-02-23,0.000,Yes
1999-02-24,0.000,Yes
1999-02-25,0.000,Yes
1999-02-26,0.000,Yes
1999-02-27,0.000,Yes
1999-02-28,0.000,Yes
1999-03-01,0.000,Yes
1999-03-02,0.000,Yes
1999-03-03,0.000,Yes
1999-03-04,0.000,Yes
1999-03-05,0.000,Yes
1999-03-06,0.000,Yes
1999-03-07,0.000,Yes
1999-03-08,0.000,Yes
1999-03-09,0.000,Yes
1999-03-10,0.000,Yes
1999-03-11,0.000,Yes
1999-03-12,0.000,Yes
1999-03-13,0.000,Yes
1999-03-14,0.000,Yes
1999-03-15,0.000,Yes
1999-03-16,0.000,Yes
1999-03-17,0.000,Yes
1999-03-18,0.000,Yes
1999-03-19,0.000,Yes
1999-03-20,0.000,Yes
1999-03-21,0.000,Yes
1999-03-22,0.000,Yes
1999-03-23,0.000,Yes
1999-03-24,0.000,Yes
1999-03-25,0.000,Yes
1999-03-26,0.000,Yes
1999-03-27,0.000,Yes
1999-03-28,0.000,Yes
1999-03-29,0.000,Yes
1999-03-30,0.000,Yes
1999-03-31,0.000,Yes
1999-04-01,0.000,Yes
1999-04-02,0.000,Yes
1999-04-03,0.000,Yes
1999-04-04,0.000,Yes
1999-04-05,0.000,Yes
1999-04-06,0.000,Yes
1999-04-07,0.000,Yes
1999-04-08,0.000,Yes
1999-04-09,0.000,Yes
1999-04-10,0.000,Yes
1999-04-11,0.000,Yes
1999-04-12,0.000,Yes
1999-04-13,0.000,Yes
1999-04-14,0.000,Yes
1999-04-15,0.000,Yes
1999-04-16,0.000,Yes
1999-04-17,0.000,Yes
1999-04-18,0.000,Yes
1999-04-19,0.000,Yes
1999-04-20,0.000,Yes
1999-04-21,0.000,Yes
1999-04-22,0.000,Yes
1999-04-23,0.000,Yes
1999-04-24,0.000,Yes
1999-04-25,0.000,Yes
1999-04-26,0.000,Yes
1999-04-27,0.000,Yes
1999-04-28,0.000,Yes
1999-04-29,0.000,Yes
1999-04-30,0.000,Yes
1999-05-01,0.000,Yes
1999-05-02,0.000,Yes
1999-05-03,0.000,Yes
1999-05-04,0.000,Yes
1999-05-05,0.000,Yes
1999-05-06,0.000,Yes
1999-05-07,0.000,Yes
1999-05-08,0.000,Yes
1999-05-09,0.000,Yes
1999-05-10,0.000,Yes
1999-05-11,0.000,Yes
1999-05-12,0.000,Yes
1999-05-13,0.000,Yes
1999-05-14,0.000,Yes
1999-05-15,0.000,Yes
1999-05-16,0.000,Yes
1999-05-17,0.000,Yes
1999-05-18,0.000,Yes
1999-05-19,0.000,Yes
1999-05-20,0.000,Yes
1999-05-21,0.000,Yes
1999-05-22,0.000,Yes
1999-05-23,0.000,Yes
1999-05-24,0.000,Yes
1999-05-25,2.600,Yes
1999-05-26,3.200,Yes
1999-05-27,3.200,Yes
1999-05-28,3.700,Yes
1999-05-29,3.700,Yes
1999-05-30,3.700,Yes
1999-05-31,2.600,Yes
1999-06-01,2.500,Yes
1999-06-02,0.000,Yes
1999-06-03,0.000,Yes
1999-06-04,0.000,Yes
1999-06-05,0.000,Yes
1999-06-06,0.000,Yes
1999-06-07,0.000,Yes
1999-06-08,0.000,Yes
1999-06-09,0.000,Yes
1999-06-10,0.000,Yes
1999-06-11,0.000,Yes
1999-06-12,0.000,Yes
1999-06-13,0.000,Yes
1999-06-14,0.000,Yes
1999-06-15,0.000,Yes
1999-06-16,0.000,Yes
1999-06-17,0.000,Yes
1999-06-18,0.000,Yes
1999-06-19,0.000,Yes
1999-06-20,0.000,Yes
1999-06-21,0.000,Yes
1999-06-22,0.000,Yes
1999-06-23,0.000,Yes
1999-06-24,2.400,Yes
1999-06-25,2.500,Yes
1999-06-26,11.800,Yes
1999-06-27,24.300,Yes
1999-06-28,24.300,Yes
1999-06-29,24.300,Yes
1999-06-30,11.800,Yes
1999-07-01,11.800,Yes
1999-07-02,7.300,Yes
1999-07-03,5.900,Yes
1999-07-04,4.200,Yes
1999-07-05,0.000,Yes
1999-07-06,0.000,Yes
1999-07-07,0.000,Yes
1999-07-08,0.000,Yes
1999-07-09,0.000,Yes
1999-07-10,0.000,Yes
1999-07-11,0.000,Yes
1999-07-12,0.000,Yes
1999-07-13,0.000,Yes
1999-07-14,0.000,Yes
1999-07-15,0.000,Yes
1999-07-16,0.000,Yes
1999-07-17,0.000,Yes
1999-07-18,0.000,Yes
1999-07-19,0.000,Yes
1999-07-20,0.000,Yes
1999-07-21,0.000,Yes
1999-07-22,0.000,Yes
1999-07-23,0.000,Yes
1999-07-24,0.000,Yes
1999-07-25,0.000,Yes
1999-07-26,0.000,Yes
1999-07-27,0.000,Yes
1999-07-28,0.000,Yes
1999-07-29,0.000,Yes
1999-07-30,0.000,Yes
1999-07-31,0.000,Yes
1999-08-01,0.000,Yes
1999-08-02,0.000,Yes
1999-08-03,0.000,Yes
1999-08-04,0.000,Yes
1999-08-05,0.000,Yes
1999-08-06,0.000,Yes
1999-08-07,0.000,Yes
1999-08-08,0.000,Yes
1999-08-09,0.000,Yes
1999-08-10,0.000,Yes
1999-08-11,0.000,Yes
1999-08-12,0.000,Yes
1999-08-13,0.000,Yes
1999-08-14,0.000,Yes
1999-08-15,0.000,Yes
1999-08-16,0.000,Yes
1999-08-17,0.000,Yes
1999-08-18,0.000,Yes
1999-08-19,0.000,Yes
1999-08-20,0.000,Yes
1999-08-21,0.000,Yes
1999-08-22,16.500,Yes
1999-08-23,16.500,Yes
1999-08-24,16.500,Yes
1999-08-25,16.500,Yes
1999-08-26,3.400,Yes
1999-08-27,3.400,Yes
1999-08-28,0.000,Yes
1999-08-29,0.000,Yes
1999-08-30,0.000,Yes
1999-08-31,0.000,Yes
1999-09-01,0.000,Yes
1999-09-02,0.000,Yes
1999-09-03,0.000,Yes
1999-09-04,0.000,Yes
1999-09-05,0.000,Yes
1999-09-06,0.000,Yes
1999-09-07,0.000,Yes
1999-09-08,0.000,Yes
1999-09-09,0.000,Yes
1999-09-10,3.600,Yes
1999-09-11,4.200,Yes
1999-09-12,12.700,Yes
1999-09-13,14.400,Yes
1999-09-14,14.400,Yes
1999-09-15,14.400,Yes
1999-09-16,13.700,Yes
1999-09-17,13.700,Yes
1999-09-18,12.800,Yes
1999-09-19,0.000,Yes
1999-09-20,0.000,Yes
1999-09-21,0.000,Yes
1999-09-22,3.800,Yes
1999-09-23,3.800,Yes
1999-09-24,19.100,Yes
1999-09-25,19.100,Yes
1999-09-26,19.100,Yes
1999-09-27,19.100,Yes
1999-09-28,11.700,Yes
1999-09-29,6.200,Yes
1999-09-30,0.000,Yes
1999-10-01,0.000,Yes
1999-10-02,0.000,Yes
1999-10-03,0.000,Yes
1999-10-04,0.000,Yes
1999-10-05,0.000,Yes
1999-10-06,0.000,Yes
1999-10-07,0.000,Yes
1999-10-08,0.000,Yes
1999-10-09,0.000,Yes
1999-10-10,0.000,Yes
1999-10-11,6.200,Yes
1999-10-12,6.200,Yes
1999-10-13,6.200,Yes
1999-10-14,2.300,Yes
1999-10-15,2.300,Yes
1999-10-16,4.200,Yes
1999-10-17,6.200,Yes
1999-10-18,7.700,Yes
1999-10-19,7.700,Yes
1999-10-20,7.700,Yes
1999-10-21,7.700,Yes
1999-10-22,7.700,Yes
1999-10-23,6.700,Yes
1999-10-24,0.000,Yes
1999-10-25,0.000,Yes
1999-10-26,0.000,Yes
1999-10-27,0.000,Yes
1999-10-28,0.000,Yes
1999-10-29,3.400,Yes
1999-10-30,3.400,Yes
1999-10-31,9.500,Yes
1999-11-01,9.500,Yes
1999-11-02,9.500,Yes
1999-11-03,9.500,Yes
1999-11-04,6.700,Yes
1999-11-05,0.000,Yes
1999-11-06,0.000,Yes
1999-11-07,0.000,Yes
1999-11-08,0.000,Yes
1999-11-09,0.000,Yes
1999-11-10,0.000,Yes
1999-11-11,0.000,Yes
1999-11-12,5.400,Yes
1999-11-13,5.400,Yes
1999-11-14,0.000,Yes
1999-11-15,6.200,Yes
1999-11-16,6.200,Yes
1999-11-17,0.000,Yes
1999-11-18,0.000,Yes
1999-11-19,0.000,Yes
1999-11-20,0.000,Yes
1999-11-21,0.000,Yes
1999-11-22,0.000,Yes
1999-11-23,0.000,Yes
1999-11-24,0.000,Yes
1999-11-25,0.000,Yes
1999-11-26,0.000,Yes
1999-11-27,0.000,Yes
1999-11-28,0.000,Yes
1999-11-29,0.000,Yes
1999-11-30,0.000,Yes
1999-12-01,0.000,Yes
1999-12-02,0.000,Yes
1999-12-03,0.000,Yes
1999-12-04,0.000,Yes
1999-12-05,0.000,Yes
1999-12-06,0.000,Yes
1999-12-07,0.000,Yes
1999-12-08,0.000,Yes
1999-12-09,2.500,Yes
1999-12-10,2.500,Yes
1999-12-11,2.500,Yes
1999-12-12,2.500,Yes
1999-12-13,0.000,Yes
1999-12-14,0.000,Yes
1999-12-15,0.000,Yes
1999-12-16,0.000,Yes
1999-12-17,0.000,Yes
1999-12-18,0.000,Yes
1999-12-19,0.000,Yes
1999-12-20,0.000,Yes
1999-12-21,0.000,Yes
1999-12-22,0.000,Yes
1999-12-23,0.000,Yes
1999-12-24,0.000,Yes
1999-12-25,0.000,Yes
1999-12-26,0.000,Yes
1999-12-27,0.000,Yes
1999-12-28,0.000,Yes
1999-12-29,0.000,Yes
1999-12-30,0.000,Yes
1999-12-31,0.000,Yes
2000-01-01,0.000,Yes
2000-01-02,0.000,Yes
2000-01-03,0.000,Yes
2000-01-04,0.000,Yes
2000-01-05,0.000,Yes
2000-01-06,0.000,Yes
2000-01-07,0.000,Yes
2000-01-08,0.000,Yes
2000-01-09,0.000,Yes
2000-01-10,0.000,Yes
2000-01-11,0.000,Yes
2000-01-12,0.000,Yes
2000-01-13,0.000,Yes
2000-01-14,0.000,Yes
2000-01-15,0.000,Yes
2000-01-16,0.000,Yes
2000-01-17,0.000,Yes
2000-01-18,0.000,Yes
2000-01-19,0.000,Yes
2000-01-20,0.000,Yes
2000-01-21,0.000,Yes
2000-01-22,0.000,Yes
2000-01-23,0.000,Yes
2000-01-24,0.000,Yes
2000-01-25,0.000,Yes
2000-01-26,0.000,Yes
2000-01-27,0.000,Yes
2000-01-28,0.000,Yes
2000-01-29,0.000,Yes
2000-01-30,0.000,Yes
2000-01-31,0.000,Yes
2000-02-01,0.000,Yes
2000-02-02,0.000,Yes
2000-02-03,0.000,Yes
2000-02-04,0.000,Yes
2000-02-05,0.000,Yes
2000-02-06,0.000,Yes
2000-02-07,0.000,Yes
2000-02-08,0.000,Yes
2000-02-09,0.000,Yes
2000-02-10,0.000,Yes
2000-02-11,0.000,Yes
2000-02-12,0.000,Yes
2000-02-13,0.000,Yes
2000-02-14,0.000,Yes
2000-02-15,0.000,Yes
2000-02-16,0.000,Yes
2000-02-17,0.000,Yes
2000-02-18,0.000,Yes
2000-02-19,0.000,Yes
2000-02-20,0.000,Yes
2000-02-21,0.000,Yes
2000-02-22,0.000,Yes
2000-02-23,0.000,Yes
2000-02-24,0.000,Yes
2000-02-25,0.000,Yes
2000-02-26,0.000,Yes
2000-02-27,0.000,Yes
2000-02-28,0.000,Yes
2000-02-29,0.000,Yes
2000-03-01,0.000,Yes
2000-03-02,0.000,Yes
2000-03-03,0.000,Yes
2000-03-04,0.000,Yes
2000-03-05,0.000,Yes
2000-03-06,0.000,Yes
2000-03-07,0.000,Yes
2000-03-08,0.000,Yes
2000-03-09,0.000,Yes
2000-03-10,0.000,Yes
2000-03-11,0.000,Yes
2000-03-12,0.000,Yes
2000-03-13,0.000,Yes
2000-03-14,0.000,Yes
2000-03-15,0.000,Yes
2000-03-16,0.000,Yes
2000-03-17,0.000,Yes
2000-03-18,0.000,Yes
2000-03-19,0.000,Yes
2000-03-20,0.000,Yes
2000-03-21,0.000,Yes
2000-03-22,0.000,Yes
2000-03-23,0.000,Yes
2000-03-24,0.000,Yes
2000-03-25,0.000,Yes
2000-03-26,0.000,Yes
2000-03-27,0.000,Yes
2000-03-28,0.000,Yes
2000-03-29,0.000,Yes
2000-03-30,0.000,Yes
2000-03-31,0.000,Yes
2000-04-01,0.000,Yes
2000-04-02,0.000,Yes
2000-04-03,0.000,Yes
2000-04-04,0.000,Yes
2000-04-05,0.000,Yes
2000-04-06,0.000,Yes
2000-04-07,0.000,Yes
2000-04-08,0.000,Yes
2000-04-09,0.000,Yes
2000-04-10,0.000,Yes
2000-04-11,0.000,Yes
2000-04-12,0.000,Yes
2000-04-13,0.000,Yes
2000-04-14,0.000,Yes
2000-04-15,0.000,Yes
2000-04-16,0.000,Yes
2000-04-17,0.000,Yes
2000-04-18,0.000,Yes
2000-04-19,0.000,Yes
2000-04-20,0.000,Yes
2000-04-21,0.000,Yes
2000-04-22,0.000,Yes
2000-04-23,0.000,Yes
2000-04-24,0.000,Yes
2000-04-25,0.000,Yes
2000-04-26,0.000,Yes
2000-04-27,0.000,Yes
2000-04-28,0.000,Yes
2000-04-29,0.000,Yes
2000-04-30,0.000,Yes
2000-05-01,0.000,Yes
2000-05-02,0.000,Yes
2000-05-03,0.000,Yes
2000-05-04,0.000,Yes
2000-05-05,0.000,Yes
2000-05-06,0.000,Yes
2000-05-07,0.000,Yes
2000-05-08,0.000,Yes
2000-05-09,0.000,Yes
2000-05-10,0.000,Yes
2000-05-11,0.000,Yes
2000-05-12,0.000,Yes
2000-05-13,0.000,Yes
2000-05-14,0.000,Yes
2000-05-15,0.000,Yes
2000-05-16,0.000,Yes
2000-05-17,0.000,Yes
2000-05-18,0.000,Yes
2000-05-19,0.000,Yes
2000-05-20,0.000,Yes
2000-05-21,0.000,Yes
2000-05-22,0.000,Yes
2000-05-23,0.000,Yes
2000-05-24,0.000,Yes
2000-05-25,2.600,Yes
2000-05-26,3.200,Yes
2000-05-27,3.200,Yes
2000-05-28,3.700,Yes
2000-05-29,3.700,Yes
2000-05-30,3.700,Yes
2000-05-31,2.600,Yes
2000-06-01,2.500,Yes
2000-06-02,0.000,Yes
2000-06-03,0.000,Yes
2000-06-04,0.000,Yes
2000-06-05,0.000,Yes
2000-06-06,0.000,Yes
2000-06-07,0.000,Yes
2000-06-08,0.000,Yes
2000-06-09,0.000,Yes
2000-06-10,0.000,Yes
2000-06-11,0.000,Yes
2000-06-12,0.000,Yes
2000-06-13,0.000,Yes
2000-06-14,0.000,Yes
2000-06-15,0.000,Yes
2000-06-16,0.000,Yes
2000-06-17,0.000,Yes
2000-06-18,0.000,Yes
2000-06-19,0.000,Yes
2000-06-20,0.000,Yes
2000-06-21,0.000,Yes
2000-06-22,0.000,Yes
2000-06-23,0.000,Yes
2000-06-24,2.400,Yes
2000-06-25,2.500,Yes
2000-06-26,11.800,Yes
2000-06-27,24.300,Yes
2000-06-28,24.300,Yes
2000-06-29,24.300,Yes
2000-06-30,11.800,Yes
2000-07-01,11.800,Yes
2000-07-02,7.300,Yes
2000-07-03,5.900,Yes
2000-07-04,4.200,Yes
2000-07-05,0.000,Yes
2000-07-06,0.000,Yes
2000-07-07,0.000,Yes
2000-07-08,0.000,Yes
2000-07-09,0.000,Yes
2000-07-10,0.000,Yes
2000-07-11,0.000,Yes
2000-07-12,0.000,Yes
2000-07-13,0.000,Yes
2000-07-14,0.000,Yes
2000-07-15,0.000,Yes
2000-07-16,0.000,Yes
2000-07-17,0.000,Yes
2000-07-18,0.000,Yes
2000-07-19,0.000,Yes
2000-07-20,0.000,Yes
2000-07-21,0.000,Yes
2000-07-22,0.000,Yes
2000-07-23,0.000,Yes
2000-07-24,0.000,Yes
2000-07-25,0.000,Yes
2000-07-26,0.000,Yes
2000-07-27,0.000,Yes
2000-07-28,0.000,Yes
2000-07-29,0.000,Yes
2000-07-30,0.000,Yes
2000-07-31,0.000,Yes
2000-08-01,0.000,Yes
2000-08-02,0.000,Yes
2000-08-03,0.000,Yes
2000-08-04,0.000,Yes
2000-08-05,0.000,Yes
2000-08-06,0.000,Yes
2000-08-07,0.000,Yes
2000-08-08,0.000,Yes
2000-08-09,0.000,Yes
2000-08-10,0.000,Yes
2000-08-11,0.000,Yes
2000-08-12,0.000,Yes
2000-08-13,0.000,Yes
2000-08-14,0.000,Yes
2000-08-15,0.000,Yes
2000-08-16,0.000,Yes
2000-08-17,0.000,Yes
2000-08-18,0.000,Yes
2000-08-19,0.000,Yes
2000-08-20,0.000,Yes
2000-08-21,0.000,Yes
2000-08-22,16.500,Yes
2000-08-23,16.500,Yes
2000-08-24,16.500,Yes
2000-08-25,16.500,Yes
2000-08-26,3.400,Yes
2000-08-27,3.400,Yes
2000-08-28,0.000,Yes
2000-08-29,0.000,Yes
2000-08-30,0.000,Yes
2000-08-31,0.000,Yes
2000-09-01,0.000,Yes
2000-09-02,0.000,Yes
2000-09-03,0.000,Yes
2000-09-04,0.000,Yes
2000-09-05,0.000,Yes
2000-09-06,0.000,Yes
2000-09-07,0.000,Yes
2000-09-08,0.000,Yes
2000-09-09,0.000,Yes
2000-09-10,3.600,Yes
2000-09-11,4.200,Yes
2000-09-12,12.700,Yes
2000-09-13,14.400,Yes
2000-09-14,14.400,Yes
2000-09-15,14.400,Yes
2000-09-16,13.700,Yes
2000-09-17,13.700,Yes
2000-09-18,12.800,Yes
2000-09-19,0.000,Yes
2000-09-20,0.000,Yes
2000-09-21,0.000,Yes
2000-09-22,3.800,Yes
2000-09-23,3.800,Yes
2000-09-24,19.100,Yes
2000-09-25,19.100,Yes
2000-09-26,19.100,Yes
2000-09-27,19.100,Yes
2000-09-28,11.700,Yes
2000-09-29,6.200,Yes
2000-09-30,0.000,Yes
2000-10-01,0.000,Yes
2000-10-02,0.000,Yes
2000-10-03,0.000,Yes
2000-10-04,0.000,Yes
2000-10-05,0.000,Yes
2000-10-06,0.000,Yes
2000-10-07,0.000,Yes
2000-10-08,0.000,Yes
2000-10-09,0.000,Yes
2000-10-10,0.000,Yes
2000-10-11,6.200,Yes
2000-10-12,6.200,Yes
2000-10-13,6.200,Yes
2000-10-14,2.300,Yes
2000-10-15,2.300,Yes
2000-10-16,4.200,Yes
2000-10-17,6.200,Yes
2000-10-18,7.700,Yes
2000-10-19,7.700,Yes
2000-10-20,7.700,Yes
2000-10-21,7.700,Yes
2000-10-22,7.700,Yes
2000-10-23,6.700,Yes
2000-10-24,0.000,Yes
2000-10-25,0.000,Yes
2000-10-26,0.000,Yes
2000-10-27,0.000,Yes
2000-10-28,0.000,Yes
2000-10-29,3.400,Yes
2000-10-30,3.400,Yes
2000-10-31,9.500,Yes
2000-11-01,9.500,Yes
2000-11-02,9.500,Yes
2000-11-03,9.500,Yes
2000-11-04,6.700,Yes
2000-11-05,0.000,Yes
2000-11-06,0.000,Yes
2000-11-07,0.000,Yes
2000-11-08,0.000,Yes
2000-11-09,0.000,Yes
2000-11-10,0.000,Yes
2000-11-11,0.000,Yes
2000-11-12,5.400,Yes
2000-11-13,5.400,Yes
2000-11-14,0.000,Yes
2000-11-15,6.200,Yes
2000-11-16,6.200,Yes
2000-11-17,0.000,Yes
2000-11-18,0.000,Yes
2000-11-19,0.000,Yes
2000-11-20,0.000,Yes
2000-11-21,0.000,Yes
2000-11-22,0.000,Yes
2000-11-23,0.000,Yes
2000-11-24,0.000,Yes
2000-11-25,0.000,Yes
2000-11-26,0.000,Yes
2000-11-27,0.000,Yes
2000-11-28,0.000,Yes
2000-11-29,0.000,Yes
2000-11-30,0.000,Yes
2000-12-01,0.000,Yes
2000-12-02,0.000,Yes
2000-12-03,0.000,Yes
2000-12-04,0.000,Yes
2000-12-05,0.000,Yes
2000-12-06,0.000,Yes
2000-12-07,0.000,Yes
2000-12-08,0.000,Yes
2000-12-09,2.500,Yes
2000-12-10,2.500,Yes
2000-12-11,2.500,Yes
2000-12-12,2.500,Yes
2000-12-13,0.000,Yes
2000-12-14,0.000,Yes
2000-12-15,0.000,Yes
2000-12-16,0.000,Yes
2000-12-17,0.000,Yes
2000-12-18,0.000,Yes
2000-12-19,0.000,Yes
2000-12-20,0.000,Yes
2000-12-21,0.000,Yes
2000-12-22,0.000,Yes
2000-12-23,0.000,Yes
2000-12-24,0.000,Yes
2000-12-25,0.000,Yes
2000-12-26,0.000,Yes
2000-12-27,0.000,Yes
2000-12-28,0.000,Yes
2000-12-29,0.000,Yes
2000-12-30,0.000,Yes
2000-12-31,0.000,Yes
2001-01-01,0.000,No
2001-01-02,0.000,No
2001-01-03,0.000,No
2001-01-04,0.000,No
2001-01-05,0.000,No
2001-01-06,0.000,No
2001-01-07,0.000,No
2001-01-08,0.000,No
2001-01-09,0.000,No
2001-01-10,0.000,No
2001-01-11,0.000,No
2001-01-12,0.000,No
2001-01-13,0.000,No
2001-01-14,0.000,No
2001-01-15,0.000,No
2001-01-16,0.000,No
2001-01-17,18.500,No
2001-01-18,12.400,No
2001-01-19,0.000,No
2001-01-20,0.000,No
2001-01-21,0.000,No
2001-01-22,0.000,No
2001-01-23,0.000,No
2001-01-24,0.000,No
2001-01-25,0.000,No
2001-01-26,0.000,No
2001-01-27,6.800,No
2001-01-28,0.000,No
2001-01-29,0.000,No
2001-01-30,0.000,No
2001-01-31,0.000,No
2001-02-01,0.000,No
2001-02-02,0.000,No
2001-02-03,0.000,No
2001-02-04,0.000,No
2001-02-05,0.000,No
2001-02-06,0.000,No
2001-02-07,0.000,No
2001-02-08,0.000,No
2001-02-09,0.000,No
2001-02-10,0.000,No
2001-02-11,0.000,No
2001-02-12,18.500,No
2001-02-13,12.700,No
2001-02-14,0.000,No
2001-02-15,0.000,No
2001-02-16,0.000,No
2001-02-17,0.000,No
2001-02-18,0.000,No
2001-02-19,0.000,No
2001-02-20,0.000,No
2001-02-21,0.000,No
2001-02-22,0.000,No
2001-02-23,0.000,No
2001-02-24,0.000,No
2001-02-25,0.000,No
2001-02-26,0.000,No
2001-02-27,0.000,No
2001-02-28,0.000,No
2001-03-01,0.000,No
2001-03-02,0.000,No
2001-03-03,0.000,No
2001-03-04,12.500,No
2001-03-05,8.700,No
2001-03-06,0.000,No
2001-03-07,0.000,No
2001-03-08,0.000,No
2001-03-09,0.000,No
2001-03-10,0.000,No
2001-03-11,0.000,No
2001-03-12,0.000,No
2001-03-13,0.000,No
2001-03-14,0.000,No
2001-03-15,0.000,No
2001-03-16,0.000,No
2001-03-17,0.000,No
2001-03-18,0.000,No
2001-03-19,0.000,No
2001-03-20,0.000,No
2001-03-21,0.000,No
2001-03-22,0.000,No
2001-03-23,0.000,No
2001-03-24,0.000,No
2001-03-25,0.000,No
2001-03-26,0.000,No
2001-03-27,6.800,No
2001-03-28,0.000,No
2001-03-29,0.000,No
2001-03-30,0.000,No
2001-03-31,0.000,No
2001-04-01,0.000,No
2001-04-02,0.000,No
2001-04-03,0.000,No
2001-04-04,6.800,No
2001-04-05,0.000,No
2001-04-06,0.000,No
2001-04-07,0.000,No
2001-04-08,0.000,No
2001-04-09,0.000,No
2001-04-10,0.000,No
2001-04-11,0.000,No
2001-04-12,0.000,No
2001-04-13,0.000,No
2001-04-14,25.500,No
2001-04-15,0.000,No
2001-04-16,0.000,No
2001-04-17,0.000,No
2001-04-18,0.000,No
2001-04-19,0.000,No
2001-04-20,0.000,No
2001-04-21,0.000,No
2001-04-22,0.000,No
2001-04-23,0.000,No
2001-04-24,0.000,No
2001-04-25,0.000,No
2001-04-26,0.000,No
2001-04-27,0.000,No
2001-04-28,12.700,No
2001-04-29,18.600,No
2001-04-30,0.000,No
2001-05-01,0.000,No
2001-05-02,21.700,No
2001-05-03,0.000,No
2001-05-04,0.000,No
2001-05-05,0.000,No
2001-05-06,0.000,No
2001-05-07,13.600,No
2001-05-08,0.000,No
2001-05-09,0.000,No
2001-05-10,0.000,No
2001-05-11,0.000,No
2001-05-12,0.000,No
2001-05-13,0.000,No
2001-05-14,12.200,No
2001-05-15,6.700,No
2001-05-16,0.000,No
2001-05-17,25.500,No
2001-05-18,13.400,No
2001-05-19,14.500,No
2001-05-20,5.800,No
2001-05-21,0.000,No
2001-05-22,0.000,No
2001-05-23,0.000,No
2001-05-24,0.000,No
2001-05-25,0.000,No
2001-05-26,15.700,No
2001-05-27,17.200,No
2001-05-28,0.000,No
2001-05-29,0.000,No
2001-05-30,6.600,No
2001-05-31,0.000,No
2001-06-01,29.900,No
2001-06-02,20.400,No
2001-06-03,0.000,No
2001-06-04,0.000,No
2001-06-05,0.000,No
2001-06-06,0.000,No
2001-06-07,6.500,No
2001-06-08,0.000,No
2001-06-09,0.000,No
2001-06-10,0.000,No
2001-06-11,0.000,No
2001-06-12,21.700,No
2001-06-13,0.000,No
2001-06-14,0.000,No
2001-06-15,0.000,No
2001-06-16,8.200,No
2001-06-17,25.500,No
2001-06-18,0.000,No
2001-06-19,0.000,No
2001-06-20,0.000,No
2001-06-21,22.200,No
2001-06-22,23.800,No
2001-06-23,7.500,No
2001-06-24,18.500,No
2001-06-25,3.800,No
2001-06-26,13.800,No
2001-06-27,26.100,No
2001-06-28,24.700,No
2001-06-29,16.000,No
2001-06-30,5.500,No
2001-07-01,40.200,No
2001-07-02,18.700,No
2001-07-03,13.800,No
2001-07-04,8.600,No
2001-07-05,22.000,No
2001-07-06,12.700,No
2001-07-07,8.200,No
2001-07-08,6.900,No
2001-07-09,11.700,No
2001-07-10,0.000,No
2001-07-11,0.000,No
2001-07-12,0.000,No
2001-07-13,0.000,No
2001-07-14,0.000,No
2001-07-15,0.000,No
2001-07-16,0.000,No
2001-07-17,0.000,No
2001-07-18,0.000,No
2001-07-19,0.000,No
2001-07-20,25.200,No
2001-07-21,4.700,No
2001-07-22,0.000,No
2001-07-23,0.000,No
2001-07-24,0.000,No
2001-07-25,0.000,No
2001-07-26,0.000,No
2001-07-27,0.000,No
2001-07-28,0.000,No
2001-07-29,0.000,No
2001-07-30,0.000,No
2001-07-31,0.000,No
2001-08-01,0.000,No
2001-08-02,0.000,No
2001-08-03,0.000,No
2001-08-04,0.000,No
2001-08-05,0.000,No
2001-08-06,0.000,No
2001-08-07,0.000,No
2001-08-08,0.000,No
2001-08-09,6.800,No
2001-08-10,0.000,No
2001-08-11,47.200,No
2001-08-12,19.300,No
2001-08-13,0.000,No
2001-08-14,0.000,No
2001-08-15,0.000,No
2001-08-16,16.300,No
2001-08-17,0.000,No
2001-08-18,14.700,No
2001-08-19,0.000,No
2001-08-20,0.000,No
2001-08-21,4.500,No
2001-08-22,0.000,No
2001-08-23,7.600,No
2001-08-24,0.000,No
2001-08-25,0.000,No
2001-08-26,8.200,No
2001-08-27,0.000,No
2001-08-28,12.800,No
2001-08-29,0.000,No
2001-08-30,0.000,No
2001-08-31,0.000,No
2001-09-01,0.000,No
2001-09-02,0.000,No
2001-09-03,0.000,No
2001-09-04,0.000,No
2001-09-05,12.700,No
2001-09-06,0.000,No
2001-09-07,0.000,No
2001-09-08,0.000,No
2001-09-09,0.000,No
2001-09-10,24.300,No
2001-09-11,6.700,No
2001-09-12,0.000,No
2001-09-13,0.000,No
2001-09-14,0.000,No
2001-09-15,0.000,No
2001-09-16,0.000,No
2001-09-17,0.000,No
2001-09-18,0.000,No
2001-09-19,0.000,No
2001-09-20,52.800,No
2001-09-21,37.500,No
2001-09-22,0.000,No
2001-09-23,0.000,No
2001-09-24,0.000,No
2001-09-25,0.000,No
2001-09-26,0.000,No
2001-09-27,79.200,No
2001-09-28,20.800,No
2001-09-29,67.300,No
2001-09-30,46.900,No
2001-10-01,21.700,No
2001-10-02,13.800,No
2001-10-03,5.200,No
2001-10-04,0.000,No
2001-10-05,65.700,No
2001-10-06,19.300,No
2001-10-07,0.000,No
2001-10-08,0.000,No
2001-10-09,0.000,No
2001-10-10,12.500,No
2001-10-11,16.400,No
2001-10-12,0.000,No
2001-10-13,0.000,No
2001-10-14,0.000,No
2001-10-15,0.000,No
2001-10-16,37.200,No
2001-10-17,36.600,No
2001-10-18,0.000,No
2001-10-19,0.000,No
2001-10-20,18.400,No
2001-10-21,25.300,No
2001-10-22,0.000,No
2001-10-23,0.000,No
2001-10-24,0.000,No
2001-10-25,0.000,No
2001-10-26,0.000,No
2001-10-27,0.000,No
2001-10-28,0.000,No
2001-10-29,0.000,No
2001-10-30,0.000,No
2001-10-31,11.900,No
2001-11-01,0.000,No
2001-11-02,0.000,No
2001-11-03,0.000,No
2001-11-04,0.000,No
2001-11-05,0.000,No
2001-11-06,0.000,No
2001-11-07,0.000,No
2001-11-08,0.000,No
2001-11-09,0.000,No
2001-11-10,0.000,No
2001-11-11,0.000,No
2001-11-12,0.000,No
2001-11-13,0.000,No
2001-11-14,0.000,No
2001-11-15,0.000,No
2001-11-16,0.000,No
2001-11-17,0.000,No
2001-11-18,0.000,No
2001-11-19,0.000,No
2001-11-20,0.000,No
2001-11-21,0.000,No
2001-11-22,0.000,No
2001-11-23,0.000,No
2001-11-24,0.000,No
2001-11-25,0.000,No
2001-11-26,0.000,No
2001-11-27,0.000,No
2001-11-28,0.000,No
2001-11-29,0.000,No
2001-11-30,0.000,No
2001-12-01,0.000,No
2001-12-02,0.000,No
2001-12-03,0.000,No
2001-12-04,0.000,No
2001-12-05,0.000,No
2001-12-06,0.000,No
2001-12-07,0.000,No
2001-12-08,0.000,No
2001-12-09,0.000,No
2001-12-10,0.000,No
2001-12-11,0.000,No
2001-12-12,0.000,No
2001-12-13,0.000,No
2001-12-14,0.000,No
2001-12-15,0.000,No
2001-12-16,0.000,No
2001-12-17,0.000,No
2001-12-18,0.000,No
2001-12-19,0.000,No
2001-12-20,0.000,No
2001-12-21,0.000,No
2001-12-22,0.000,No
2001-12-23,0.000,No
2001-12-24,0.000,No
2001-12-25,0.000,No
2001-12-26,0.000,No
2001-12-27,0.000,No
2001-12-28,0.000,No
2001-12-29,0.000,No
2001-12-30,0.000,No
2001-12-31,0.000,No
2002-01-01,0.000,No
2002-01-02,0.000,No
2002-01-03,0.000,No
2002-01-04,0.000,No
2002-01-05,0.000,No
2002-01-06,0.000,No
2002-01-07,0.000,No
2002-01-08,0.000,No
2002-01-09,0.000,No
2002-01-10,0.000,No
2002-01-11,0.000,No
2002-01-12,0.000,No
2002-01-13,0.000,No
2002-01-14,0.000,No
2002-01-15,0.000,No
2002-01-16,0.000,No
2002-01-17,0.000,No
2002-01-18,0.000,No
2002-01-19,0.000,No
2002-01-20,0.000,No
2002-01-21,0.000,No
2002-01-22,0.000,No
2002-01-23,0.000,No
2002-01-24,0.000,No
2002-01-25,0.000,No
2002-01-26,0.000,No
2002-01-27,0.000,No
2002-01-28,0.000,No
2002-01-29,0.000,No
2002-01-30,0.000,No
2002-01-31,0.000,No
2002-02-01,0.000,No
2002-02-02,0.000,No
2002-02-03,0.000,No
2002-02-04,0.000,No
2002-02-05,0.000,No
2002-02-06,0.000,No
2002-02-07,0.000,No
2002-02-08,0.000,No
2002-02-09,0.000,No
2002-02-10,0.000,No
2002-02-11,0.000,No
2002-02-12,0.000,No
2002-02-13,0.000,No
2002-02-14,0.000,No
2002-02-15,0.000,No
2002-02-16,0.000,No
2002-02-17,0.000,No
2002-02-18,0.000,No
2002-02-19,0.000,No
2002-02-20,0.000,No
2002-02-21,0.000,No
2002-02-22,0.000,No
2002-02-23,0.000,No
2002-02-24,0.000,No
2002-02-25,0.000,No
2002-02-26,0.000,No
2002-02-27,0.000,No
2002-02-28,0.000,No
2002-03-01,0.000,No
2002-03-02,0.000,No
2002-03-03,0.000,No
2002-03-04,0.000,No
2002-03-05,0.000,No
2002-03-06,0.000,No
2002-03-07,0.000,No
2002-03-08,0.000,No
2002-03-09,0.000,No
2002-03-10,0.000,No
2002-03-11,0.000,No
2002-03-12,0.000,No
2002-03-13,0.000,No
2002-03-14,0.000,No
2002-03-15,0.000,No
2002-03-16,0.000,No
2002-03-17,0.000,No
2002-03-18,0.000,No
2002-03-19,0.000,No
2002-03-20,0.000,No
2002-03-21,0.000,No
2002-03-22,0.000,No
2002-03-23,0.000,No
2002-03-24,0.000,No
2002-03-25,0.000,No
2002-03-26,0.000,No
2002-03-27,0.000,No
2002-03-28,0.000,No
2002-03-29,0.000,No
2002-03-30,0.000,No
2002-03-31,0.000,No
2002-04-01,0.000,No
2002-04-02,0.000,No
2002-04-03,0.000,No
2002-04-04,0.000,No
2002-04-05,0.000,No
2002-04-06,0.000,No
2002-04-07,0.000,No
2002-04-08,0.000,No
2002-04-09,0.000,No
2002-04-10,0.000,No
2002-04-11,0.000,No
2002-04-12,0.000,No
2002-04-13,0.000,No
2002-04-14,0.000,No
2002-04-15,0.000,No
2002-04-16,0.000,No
2002-04-17,0.000,No
2002-04-18,0.000,No
2002-04-19,0.000,No
2002-04-20,0.000,No
2002-04-21,0.000,No
2002-04-22,12.500,No
2002-04-23,0.000,No
2002-04-24,0.000,No
2002-04-25,0.000,No
2002-04-26,0.000,No
2002-04-27,0.000,No
2002-04-28,0.000,No
2002-04-29,0.000,No
2002-04-30,0.000,No
2002-05-01,0.000,No
2002-05-02,0.000,No
2002-05-03,21.600,No
2002-05-04,12.500,No
2002-05-05,0.000,No
2002-05-06,0.000,No
2002-05-07,0.000,No
2002-05-08,0.000,No
2002-05-09,0.000,No
2002-05-10,0.000,No
2002-05-11,17.200,No
2002-05-12,11.200,No
2002-05-13,0.000,No
2002-05-14,0.000,No
2002-05-15,0.000,No
2002-05-16,0.000,No
2002-05-17,0.000,No
2002-05-18,0.000,No
2002-05-19,0.000,No
2002-05-20,0.000,No
2002-05-21,7.900,No
2002-05-22,0.000,No
2002-05-23,0.000,No
2002-05-24,0.000,No
2002-05-25,0.000,No
2002-05-26,16.500,No
2002-05-27,15.500,No
2002-05-28,0.000,No
2002-05-29,0.000,No
2002-05-30,0.000,No
2002-05-31,0.000,No
2002-06-01,0.000,No
2002-06-02,11.900,No
2002-06-03,0.000,No
2002-06-04,0.000,No
2002-06-05,0.000,No
2002-06-06,0.000,No
2002-06-07,7.500,No
2002-06-08,0.000,No
2002-06-09,0.000,No
2002-06-10,0.000,No
2002-06-11,0.000,No
2002-06-12,0.000,No
2002-06-13,0.000,No
2002-06-14,0.000,No
2002-06-15,0.000,No
2002-06-16,27.200,No
2002-06-17,18.700,No
2002-06-18,0.000,No
2002-06-19,0.000,No
2002-06-20,0.000,No
2002-06-21,0.000,No
2002-06-22,0.000,No
2002-06-23,8.700,No
2002-06-24,0.000,No
2002-06-25,0.000,No
2002-06-26,0.000,No
2002-06-27,0.000,No
2002-06-28,0.000,No
2002-06-29,0.000,No
2002-06-30,0.000,No
2002-07-01,0.000,No
2002-07-02,12.500,No
2002-07-03,0.000,No
2002-07-04,8.700,No
2002-07-05,25.200,No
2002-07-06,0.000,No
2002-07-07,0.000,No
2002-07-08,43.700,No
2002-07-09,0.000,No
2002-07-10,0.000,No
2002-07-11,0.000,No
2002-07-12,0.000,No
2002-07-13,0.000,No
2002-07-14,0.000,No
2002-07-15,29.900,No
2002-07-16,15.500,No
2002-07-17,0.000,No
2002-07-18,0.000,No
2002-07-19,0.000,No
2002-07-20,0.000,No
2002-07-21,0.000,No
2002-07-22,0.000,No
2002-07-23,0.000,No
2002-07-24,8.400,No
2002-07-25,0.000,No
2002-07-26,0.000,No
2002-07-27,0.000,No
2002-07-28,77.800,No
2002-07-29,13.500,No
2002-07-30,0.000,No
2002-07-31,0.000,No
2002-08-01,0.000,No
2002-08-02,16.200,No
2002-08-03,0.000,No
2002-08-04,42.300,No
2002-08-05,14.900,No
2002-08-06,8.500,No
2002-08-07,0.000,No
2002-08-08,0.000,No
2002-08-09,0.000,No
2002-08-10,0.000,No
2002-08-11,6.200,No
2002-08-12,4.800,No
2002-08-13,0.000,No
2002-08-14,1.400,No
2002-08-15,0.000,No
2002-08-16,0.000,No
2002-08-17,0.000,No
2002-08-18,9.800,No
2002-08-19,24.800,No
2002-08-20,13.400,No
2002-08-21,0.000,No
2002-08-22,0.000,No
2002-08-23,0.000,No
2002-08-24,0.000,No
2002-08-25,0.000,No
2002-08-26,0.000,No
2002-08-27,0.000,No
2002-08-28,0.000,No
2002-08-29,7.700,No
2002-08-30,5.300,No
2002-08-31,6.100,No
2002-09-01,13.800,No
2002-09-02,0.000,No
2002-09-03,14.900,No
2002-09-04,0.000,No
2002-09-05,0.000,No
2002-09-06,0.000,No
2002-09-07,3.200,No
2002-09-08,56.100,No
2002-09-09,12.600,No
2002-09-10,0.000,No
2002-09-11,0.000,No
2002-09-12,0.000,No
2002-09-13,0.000,No
2002-09-14,0.000,No
2002-09-15,0.000,No
2002-09-16,0.000,No
2002-09-17,0.000,No
2002-09-18,0.000,No
2002-09-19,19.700,No
2002-09-20,4.500,No
2002-09-21,15.000,No
2002-09-22,0.000,No
2002-09-23,0.000,No
2002-09-24,0.000,No
2002-09-25,0.000,No
2002-09-26,0.000,No
2002-09-27,0.000,No
2002-09-28,49.300,No
2002-09-29,28.900,No
2002-09-30,27.200,No
2002-10-01,0.000,No
2002-10-02,0.000,No
2002-10-03,0.000,No
2002-10-04,106.200,No
2002-10-05,11.500,No
2002-10-06,59.100,No
2002-10-07,36.900,No
2002-10-08,0.000,No
2002-10-09,16.600,No
2002-10-10,0.000,No
2002-10-11,36.200,No
2002-10-12,0.000,No
2002-10-13,0.000,No
2002-10-14,0.000,No
2002-10-15,0.000,No
2002-10-16,0.000,No
2002-10-17,0.000,No
2002-10-18,7.500,No
2002-10-19,0.000,No
2002-10-20,64.200,No
2002-10-21,34.100,No
2002-10-22,0.000,No
2002-10-23,57.200,No
2002-10-24,15.300,No
2002-10-25,44.600,No
2002-10-26,0.000,No
2002-10-27,0.000,No
2002-10-28,0.000,No
2002-10-29,8.800,No
2002-10-30,37.300,No
2002-10-31,0.000,No
2002-11-01,11.500,No
2002-11-02,0.000,No
2002-11-03,19.700,No
2002-11-04,0.000,No
2002-11-05,0.000,No
2002-11-06,0.000,No
2002-11-07,14.900,No
2002-11-08,13.000,No
2002-11-09,0.000,No
2002-11-10,0.000,No
2002-11-11,12.700,No
2002-11-12,0.000,No
2002-11-13,0.000,No
2002-11-14,25.900,No
2002-11-15,0.000,No
2002-11-16,0.000,No
2002-11-17,4.700,No
2002-11-18,0.000,No
2002-11-19,0.000,No
2002-11-20,0.000,No
2002-11-21,3.800,No
2002-11-22,0.000,No
2002-11-23,0.000,No
2002-11-24,20.700,No
2002-11-25,0.000,No
2002-11-26,0.000,No
2002-11-27,0.000,No
2002-11-28,0.000,No
2002-11-29,20.700,No
2002-11-30,35.900,No
2002-12-01,3.400,No
2002-12-02,0.000,No
2002-12-03,0.000,No
2002-12-04,27.000,No
2002-12-05,18.400,No
2002-12-06,0.000,No
2002-12-07,0.000,No
2002-12-08,0.000,No
2002-12-09,0.000,No
2002-12-10,0.000,No
2002-12-11,0.000,No
2002-12-12,0.000,No
2002-12-13,8.900,No
2002-12-14,11.700,No
2002-12-15,0.000,No
2002-12-16,0.000,No
2002-12-17,0.000,No
2002-12-18,0.000,No
2002-12-19,0.000,No
2002-12-20,0.000,No
2002-12-21,0.000,No
2002-12-22,0.000,No
2002-12-23,0.000,No
2002-12-24,12.300,No
2002-12-25,3.700,No
2002-12-26,0.000,No
2002-12-27,0.000,No
2002-12-28,0.000,No
2002-12-29,4.500,No
2002-12-30,0.000,No
2002-12-31,0.000,No
2003-01-01,0.000,No
2003-01-02,0.000,No
2003-01-03,0.000,No
2003-01-04,0.000,No
2003-01-05,0.000,No
2003-01-06,0.000,No
2003-01-07,0.000,No
2003-01-08,0.000,No
2003-01-09,0.000,No
2003-01-10,0.000,No
2003-01-11,0.000,No
2003-01-12,0.000,No
2003-01-13,0.000,No
2003-01-14,0.000,No
2003-01-15,0.000,No
2003-01-16,0.000,No
2003-01-17,0.000,No
2003-01-18,0.000,No
2003-01-19,0.000,No
2003-01-20,0.000,No
2003-01-21,0.000,No
2003-01-22,0.000,No
2003-01-23,0.000,No
2003-01-24,0.000,No
2003-01-25,0.000,No
2003-01-26,0.000,No
2003-01-27,0.000,No
2003-01-28,0.000,No
2003-01-29,0.000,No
2003-01-30,0.000,No
2003-01-31,0.000,No
2003-02-01,0.000,No
2003-02-02,0.000,No
2003-02-03,0.000,No
2003-02-04,0.000,No
2003-02-05,0.000,No
2003-02-06,0.000,No
2003-02-07,0.000,No
2003-02-08,0.000,No
2003-02-09,0.000,No
2003-02-10,0.000,No
2003-02-11,0.000,No
2003-02-12,0.000,No
2003-02-13,0.000,No
2003-02-14,0.000,No
2003-02-15,0.000,No
2003-02-16,0.000,No
2003-02-17,0.000,No
2003-02-18,0.000,No
2003-02-19,0.000,No
2003-02-20,0.000,No
2003-02-21,0.000,No
2003-02-22,0.000,No
2003-02-23,0.000,No
2003-02-24,0.000,No
2003-02-25,0.000,No
2003-02-26,0.000,No
2003-02-27,0.000,No
2003-02-28,0.000,No
2003-03-01,0.000,No
2003-03-02,0.000,No
2003-03-03,0.000,No
2003-03-04,0.000,No
2003-03-05,0.000,No
2003-03-06,0.000,No
2003-03-07,0.000,No
2003-03-08,0.000,No
2003-03-09,0.000,No
2003-03-10,0.000,No
2003-03-11,0.000,No
2003-03-12,0.000,No
2003-03-13,0.000,No
2003-03-14,0.000,No
2003-03-15,0.000,No
2003-03-16,0.000,No
2003-03-17,0.000,No
2003-03-18,0.000,No
2003-03-19,0.000,No
2003-03-20,0.000,No
2003-03-21,0.000,No
2003-03-22,9.000,No
2003-03-23,0.000,No
2003-03-24,0.000,No
2003-03-25,0.000,No
2003-03-26,0.000,No
2003-03-27,0.000,No
2003-03-28,0.000,No
2003-03-29,0.000,No
2003-03-30,0.000,No
2003-03-31,0.000,No
2003-04-01,0.000,No
2003-04-02,0.000,No
2003-04-03,0.000,No
2003-04-04,0.000,No
2003-04-05,0.000,No
2003-04-06,0.000,No
2003-04-07,0.000,No
2003-04-08,0.000,No
2003-04-09,0.000,No
2003-04-10,0.000,No
2003-04-11,0.000,No
2003-04-12,0.000,No
2003-04-13,0.000,No
2003-04-14,0.000,No
2003-04-15,0.000,No
2003-04-16,0.000,No
2003-04-17,0.000,No
2003-04-18,0.000,No
2003-04-19,0.000,No
2003-04-20,0.000,No
2003-04-21,0.000,No
2003-04-22,0.000,No
2003-04-23,0.000,No
2003-04-24,0.000,No
2003-04-25,0.000,No
2003-04-26,0.000,No
2003-04-27,0.000,No
2003-04-28,0.000,No
2003-04-29,0.000,No
2003-04-30,0.000,No
2003-05-01,0.000,No
2003-05-02,0.000,No
2003-05-03,13.500,No
2003-05-04,0.000,No
2003-05-05,0.000,No
2003-05-06,0.000,No
2003-05-07,0.000,No
2003-05-08,0.000,No
2003-05-09,9.500,No
2003-05-10,5.000,No
2003-05-11,0.000,No
2003-05-12,0.000,No
2003-05-13,13.500,No
2003-05-14,0.000,No
2003-05-15,0.000,No
2003-05-16,0.000,No
2003-05-17,0.000,No
2003-05-18,38.900,No
2003-05-19,7.700,No
2003-05-20,0.000,No
2003-05-21,0.000,No
2003-05-22,4.800,No
2003-05-23,0.000,No
2003-05-24,9.500,No
2003-05-25,19.900,No
2003-05-26,3.100,No
2003-05-27,6.000,No
2003-05-28,6.500,No
2003-05-29,0.000,No
2003-05-30,7.300,No
2003-05-31,33.900,No
2003-06-01,0.000,No
2003-06-02,0.000,No
2003-06-03,0.000,No
2003-06-04,52.900,No
2003-06-05,0.000,No
2003-06-06,3.000,No
2003-06-07,0.000,No
2003-06-08,0.000,No
2003-06-09,0.000,No
2003-06-10,0.000,No
2003-06-11,0.000,No
2003-06-12,0.000,No
2003-06-13,0.000,No
2003-06-14,0.000,No
2003-06-15,0.000,No
2003-06-16,19.700,No
2003-06-17,0.000,No
2003-06-18,0.000,No
2003-06-19,0.000,No
2003-06-20,0.000,No
2003-06-21,5.700,No
2003-06-22,0.000,No
2003-06-23,0.000,No
2003-06-24,0.000,No
2003-06-25,3.800,No
2003-06-26,4.900,No
2003-06-27,0.000,No
2003-06-28,0.000,No
2003-06-29,29.900,No
2003-06-30,0.000,No
2003-07-01,15.800,No
2003-07-02,4.500,No
2003-07-03,0.000,No
2003-07-04,13.700,No
2003-07-05,0.000,No
2003-07-06,5.900,No
2003-07-07,7.200,No
2003-07-08,0.000,No
2003-07-09,8.200,No
2003-07-10,0.000,No
2003-07-11,0.000,No
2003-07-12,26.400,No
2003-07-13,16.400,No
2003-07-14,0.000,No
2003-07-15,0.000,No
2003-07-16,0.000,No
2003-07-17,0.000,No
2003-07-18,0.000,No
2003-07-19,93.200,No
2003-07-20,0.000,No
2003-07-21,6.600,No
2003-07-22,74.300,No
2003-07-23,35.500,No
2003-07-24,19.800,No
2003-07-25,12.600,No
2003-07-26,0.000,No
2003-07-27,0.000,No
2003-07-28,19.200,No
2003-07-29,3.200,No
2003-07-30,0.000,No
2003-07-31,0.000,No
2003-08-01,3.000,No
2003-08-02,12.200,No
2003-08-03,25.400,No
2003-08-04,30.200,No
2003-08-05,5.800,No
2003-08-06,36.200,No
2003-08-07,6.900,No
2003-08-08,0.000,No
2003-08-09,0.000,No
2003-08-10,0.000,No
2003-08-11,5.200,No
2003-08-12,0.000,No
2003-08-13,0.000,No
2003-08-14,0.000,No
2003-08-15,0.000,No
2003-08-16,0.000,No
2003-08-17,29.900,No
2003-08-18,12.500,No
2003-08-19,21.800,No
2003-08-20,0.000,No
2003-08-21,0.000,No
2003-08-22,0.000,No
2003-08-23,3.200,No
2003-08-24,0.000,No
2003-08-25,0.000,No
2003-08-26,0.000,No
2003-08-27,0.000,No
2003-08-28,0.000,No
2003-08-29,36.500,No
2003-08-30,0.000,No
2003-08-31,0.000,No
2003-09-01,0.000,No
2003-09-02,0.000,No
2003-09-03,10.600,No
2003-09-04,0.000,No
2003-09-05,4.500,No
2003-09-06,0.000,No
2003-09-07,0.000,No
2003-09-08,0.000,No
2003-09-09,3.700,No
2003-09-10,6.200,No
2003-09-11,0.000,No
2003-09-12,0.000,No
2003-09-13,4.800,No
2003-09-14,0.000,No
2003-09-15,0.000,No
2003-09-16,0.000,No
2003-09-17,44.900,No
2003-09-18,27.100,No
2003-09-19,25.300,No
2003-09-20,0.000,No
2003-09-21,6.800,No
2003-09-22,95.900,No
2003-09-23,12.300,No
2003-09-24,25.200,No
2003-09-25,0.000,No
2003-09-26,12.500,No
2003-09-27,0.000,No
2003-09-28,25.100,No
2003-09-29,6.200,No
2003-09-30,0.000,No
2003-10-01,1.800,No
2003-10-02,2.600,No
2003-10-03,3.800,No
2003-10-04,16.500,No
2003-10-05,13.700,No
2003-10-06,26.700,No
2003-10-07,62.700,No
2003-10-08,11.600,No
2003-10-09,0.000,No
2003-10-10,0.000,No
2003-10-11,0.000,No
2003-10-12,0.000,No
2003-10-13,15.500,No
2003-10-14,5.200,No
2003-10-15,0.000,No
2003-10-16,8.800,No
2003-10-17,60.500,No
2003-10-18,10.200,No
2003-10-19,21.900,No
2003-10-20,11.200,No
2003-10-21,8.500,No
2003-10-22,7.400,No
2003-10-23,25.300,No
2003-10-24,0.000,No
2003-10-25,14.500,No
2003-10-26,0.000,No
2003-10-27,0.000,No
2003-10-28,0.000,No
2003-10-29,0.000,No
2003-10-30,2.200,No
2003-10-31,0.000,No
2003-11-01,0.000,No
2003-11-02,0.000,No
2003-11-03,0.000,No
2003-11-04,0.000,No
2003-11-05,0.000,No
2003-11-06,0.000,No
2003-11-07,0.000,No
2003-11-08,0.000,No
2003-11-09,0.000,No
2003-11-10,0.000,No
2003-11-11,0.000,No
2003-11-12,0.000,No
2003-11-13,0.000,No
2003-11-14,0.000,No
2003-11-15,0.000,No
2003-11-16,0.000,No
2003-11-17,0.000,No
2003-11-18,0.000,No
2003-11-19,0.000,No
2003-11-20,0.000,No
2003-11-21,0.000,No
2003-11-22,0.000,No
2003-11-23,0.000,No
2003-11-24,0.000,No
2003-11-25,0.000,No
2003-11-26,0.000,No
2003-11-27,0.000,No
2003-11-28,0.000,No
2003-11-29,0.000,No
2003-11-30,0.000,No
2003-12-01,0.000,No
2003-12-02,0.000,No
2003-12-03,0.000,No
2003-12-04,0.000,No
2003-12-05,0.000,No
2003-12-06,0.000,No
2003-12-07,0.000,No
2003-12-08,0.000,No
2003-12-09,0.000,No
2003-12-10,0.000,No
2003-12-11,0.000,No
2003-12-12,0.000,No
2003-12-13,0.000,No
2003-12-14,0.000,No
2003-12-15,0.000,No
2003-12-16,0.000,No
2003-12-17,0.000,No
2003-12-18,0.000,No
2003-12-19,0.000,No
2003-12-20,0.000,No
2003-12-21,0.000,No
2003-12-22,0.000,No
2003-12-23,0.000,No
2003-12-24,0.000,No
2003-12-25,0.000,No
2003-12-26,0.000,No
2003-12-27,0.000,No
2003-12-28,0.000,No
2003-12-29,0.000,No
2003-12-30,0.000,No
2003-12-31,0.000,No
2004-01-01,0.000,No
2004-01-02,0.000,No
2004-01-03,0.000,No
2004-01-04,0.000,No
2004-01-05,0.000,No
2004-01-06,0.000,No
2004-01-07,0.000,No
2004-01-08,0.000,No
2004-01-09,0.000,No
2004-01-10,0.000,No
2004-01-11,0.000,No
2004-01-12,0.000,No
2004-01-13,0.000,No
2004-01-14,0.000,No
2004-01-15,0.000,No
2004-01-16,0.000,No
2004-01-17,0.000,No
2004-01-18,0.000,No
2004-01-19,0.000,No
2004-01-20,0.000,No
2004-01-21,0.000,No
2004-01-22,0.000,No
2004-01-23,0.000,No
2004-01-24,0.000,No
2004-01-25,0.000,No
2004-01-26,0.000,No
2004-01-27,0.000,No
2004-01-28,0.000,No
2004-01-29,0.000,No
2004-01-30,0.000,No
2004-01-31,0.000,No
2004-02-01,0.000,No
2004-02-02,0.000,No
2004-02-03,0.000,No
2004-02-04,0.000,No
2004-02-05,0.000,No
2004-02-06,0.000,No
2004-02-07,0.000,No
2004-02-08,0.000,No
2004-02-09,0.000,No
2004-02-10,0.000,No
2004-02-11,0.000,No
2004-02-12,0.000,No
2004-02-13,0.000,No
2004-02-14,0.000,No
2004-02-15,0.000,No
2004-02-16,0.000,No
2004-02-17,0.000,No
2004-02-18,0.000,No
2004-02-19,0.000,No
2004-02-20,0.000,No
2004-02-21,0.000,No
2004-02-22,0.000,No
2004-02-23,0.000,No
2004-02-24,0.000,No
2004-02-25,0.000,No
2004-02-26,0.000,No
2004-02-27,0.000,No
2004-02-28,0.000,No
2004-02-29,0.000,No
2004-03-01,0.000,No
2004-03-02,0.000,No
2004-03-03,0.000,No
2004-03-04,0.000,No
2004-03-05,0.000,No
2004-03-06,0.000,No
2004-03-07,0.000,No
2004-03-08,0.000,No
2004-03-09,0.000,No
2004-03-10,0.000,No
2004-03-11,0.000,No
2004-03-12,0.000,No
2004-03-13,0.000,No
2004-03-14,0.000,No
2004-03-15,0.000,No
2004-03-16,0.000,No
2004-03-17,0.000,No
2004-03-18,0.000,No
2004-03-19,0.000,No
2004-03-20,0.000,No
2004-03-21,0.000,No
2004-03-22,0.000,No
2004-03-23,0.000,No
2004-03-24,0.000,No
2004-03-25,0.000,No
2004-03-26,0.000,No
2004-03-27,0.000,No
2004-03-28,0.000,No
2004-03-29,0.000,No
2004-03-30,0.000,No
2004-03-31,0.000,No
2004-04-01,0.000,No
2004-04-02,0.000,No
2004-04-03,0.000,No
2004-04-04,0.000,No
2004-04-05,0.000,No
2004-04-06,0.000,No
2004-04-07,0.000,No
2004-04-08,0.000,No
2004-04-09,0.000,No
2004-04-10,0.000,No
2004-04-11,0.000,No
2004-04-12,0.000,No
2004-04-13,0.000,No
2004-04-14,0.000,No
2004-04-15,0.000,No
2004-04-16,0.000,No
2004-04-17,0.000,No
2004-04-18,0.000,No
2004-04-19,0.000,No
2004-04-20,0.000,No
2004-04-21,0.000,No
2004-04-22,0.000,No
2004-04-23,0.000,No
2004-04-24,0.000,No
2004-04-25,12.900,No
2004-04-26,0.000,No
2004-04-27,0.000,No
2004-04-28,0.000,No
2004-04-29,0.000,No
2004-04-30,12.500,No
2004-05-01,2.500,No
2004-05-02,4.700,No
2004-05-03,12.300,No
2004-05-04,0.000,No
2004-05-05,0.000,No
2004-05-06,0.000,No
2004-05-07,0.000,No
2004-05-08,0.000,No
2004-05-09,7.400,No
2004-05-10,3.500,No
2004-05-11,0.000,No
2004-05-12,0.000,No
2004-05-13,0.000,No
2004-05-14,0.000,No
2004-05-15,0.000,No
2004-05-16,67.400,No
2004-05-17,35.200,No
2004-05-18,5.900,No
2004-05-19,0.000,No
2004-05-20,0.000,No
2004-05-21,0.000,No
2004-05-22,0.000,No
2004-05-23,12.400,No
2004-05-24,25.700,No
2004-05-25,12.900,No
2004-05-26,0.000,No
2004-05-27,0.000,No
2004-05-28,0.000,No
2004-05-29,0.000,No
2004-05-30,0.000,No
2004-05-31,0.000,No
2004-06-01,0.000,No
2004-06-02,0.000,No
2004-06-03,36.200,No
2004-06-04,5.700,No
2004-06-05,6.200,No
2004-06-06,0.000,No
2004-06-07,0.000,No
2004-06-08,0.000,No
2004-06-09,0.000,No
2004-06-10,0.000,No
2004-06-11,15.200,No
2004-06-12,12.500,No
2004-06-13,14.600,No
2004-06-14,0.000,No
2004-06-15,0.000,No
2004-06-16,35.500,No
2004-06-17,0.000,No
2004-06-18,0.000,No
2004-06-19,0.000,No
2004-06-20,6.200,No
2004-06-21,0.000,No
2004-06-22,0.000,No
2004-06-23,0.000,No
2004-06-24,0.000,No
2004-06-25,0.000,No
2004-06-26,0.000,No
2004-06-27,3.500,No
2004-06-28,0.000,No
2004-06-29,0.000,No
2004-06-30,0.000,No
2004-07-01,23.400,No
2004-07-02,13.500,No
2004-07-03,0.000,No
2004-07-04,0.000,No
2004-07-05,4.200,No
2004-07-06,0.000,No
2004-07-07,50.700,No
2004-07-08,27.400,No
2004-07-09,0.000,No
2004-07-10,0.000,No
2004-07-11,0.000,No
2004-07-12,0.000,No
2004-07-13,0.000,No
2004-07-14,0.000,No
2004-07-15,0.000,No
2004-07-16,28.200,No
2004-07-17,0.000,No
2004-07-18,5.500,No
2004-07-19,0.000,No
2004-07-20,11.300,No
2004-07-21,10.800,No
2004-07-22,0.000,No
2004-07-23,26.100,No
2004-07-24,0.000,No
2004-07-25,21.200,No
2004-07-26,0.000,No
2004-07-27,5.400,No
2004-07-28,0.000,No
2004-07-29,0.000,No
2004-07-30,0.000,No
2004-07-31,0.000,No
2004-08-01,3.700,No
2004-08-02,11.500,No
2004-08-03,11.900,No
2004-08-04,0.000,No
2004-08-05,0.000,No
2004-08-06,10.500,No
2004-08-07,7.200,No
2004-08-08,0.000,No
2004-08-09,12.500,No
2004-08-10,25.100,No
2004-08-11,0.000,No
2004-08-12,0.000,No
2004-08-13,0.000,No
2004-08-14,0.000,No
2004-08-15,0.000,No
2004-08-16,0.000,No
2004-08-17,12.100,No
2004-08-18,0.000,No
2004-08-19,6.500,No
2004-08-20,0.000,No
2004-08-21,0.000,No
2004-08-22,0.000,No
2004-08-23,0.000,No
2004-08-24,0.000,No
2004-08-25,0.000,No
2004-08-26,0.000,No
2004-08-27,3.200,No
2004-08-28,0.000,No
2004-08-29,14.800,No
2004-08-30,0.000,No
2004-08-31,0.000,No
2004-09-01,21.300,No
2004-09-02,5.500,No
2004-09-03,48.200,No
2004-09-04,0.000,No
2004-09-05,0.000,No
2004-09-06,4.500,No
2004-09-07,0.000,No
2004-09-08,0.000,No
2004-09-09,0.000,No
2004-09-10,0.000,No
2004-09-11,0.000,No
2004-09-12,15.700,No
2004-09-13,0.000,No
2004-09-14,0.000,No
2004-09-15,0.000,No
2004-09-16,17.900,No
2004-09-17,6.200,No
2004-09-18,12.000,No
2004-09-19,17.600,No
2004-09-20,12.100,No
2004-09-21,0.000,No
2004-09-22,0.000,No
2004-09-23,0.000,No
2004-09-24,4.700,No
2004-09-25,0.000,No
2004-09-26,22.500,No
2004-09-27,25.200,No
2004-09-28,5.800,No
2004-09-29,2.500,No
2004-09-30,12.500,No
2004-10-01,14.500,No
2004-10-02,18.900,No
2004-10-03,24.800,No
2004-10-04,11.200,No
2004-10-05,26.500,No
2004-10-06,14.600,No
2004-10-07,0.000,No
2004-10-08,29.700,No
2004-10-09,0.000,No
2004-10-10,0.000,No
2004-10-11,71.200,No
2004-10-12,4.800,No
2004-10-13,0.000,No
2004-10-14,0.000,No
2004-10-15,0.000,No
2004-10-16,0.000,No
2004-10-17,0.000,No
2004-10-18,5.300,No
2004-10-19,0.000,No
2004-10-20,0.000,No
2004-10-21,0.000,No
2004-10-22,0.000,No
2004-10-23,0.000,No
2004-10-24,0.000,No
2004-10-25,0.000,No
2004-10-26,0.000,No
2004-10-27,0.000,No
2004-10-28,0.000,No
2004-10-29,18.200,No
2004-10-30,0.000,No
2004-10-31,0.000,No
2004-11-01,7.200,No
2004-11-02,0.000,No
2004-11-03,0.000,No
2004-11-04,0.000,No
2004-11-05,31.200,No
2004-11-06,6.500,No
2004-11-07,32.200,No
2004-11-08,0.000,No
2004-11-09,0.000,No
2004-11-10,0.000,No
2004-11-11,0.000,No
2004-11-12,0.000,No
2004-11-13,0.000,No
2004-11-14,0.000,No
2004-11-15,0.000,No
2004-11-16,0.000,No
2004-11-17,0.000,No
2004-11-18,0.000,No
2004-11-19,0.000,No
2004-11-20,0.000,No
2004-11-21,0.000,No
2004-11-22,0.000,No
2004-11-23,0.000,No
2004-11-24,24.500,No
2004-11-25,7.500,No
2004-11-26,0.000,No
2004-11-27,0.000,No
2004-11-28,0.000,No
2004-11-29,0.000,No
2004-11-30,0.000,No
2004-12-01,0.000,No
2004-12-02,26.200,No
2004-12-03,0.000,No
2004-12-04,4.500,No
2004-12-05,0.000,No
2004-12-06,0.000,No
2004-12-07,0.000,No
2004-12-08,0.000,No
2004-12-09,0.000,No
2004-12-10,0.000,No
2004-12-11,0.000,No
2004-12-12,0.000,No
2004-12-13,0.000,No
2004-12-14,0.000,No
2004-12-15,0.000,No
2004-12-16,0.000,No
2004-12-17,0.000,No
2004-12-18,0.000,No
2004-12-19,0.000,No
2004-12-20,0.000,No
2004-12-21,0.000,No
2004-12-22,0.000,No
2004-12-23,0.000,No
2004-12-24,0.000,No
2004-12-25,0.000,No
2004-12-26,0.000,No
2004-12-27,0.000,No
2004-12-28,0.000,No
2004-12-29,0.000,No
2004-12-30,0.000,No
2004-12-31,0.000,No
2005-01-01,0.000,No
2005-01-02,0.000,No
2005-01-03,0.000,No
2005-01-04,0.000,No
2005-01-05,0.000,No
2005-01-06,0.000,No
2005-01-07,0.000,No
2005-01-08,0.000,No
2005-01-09,0.000,No
2005-01-10,0.000,No
2005-01-11,0.000,No
2005-01-12,0.000,No
2005-01-13,0.000,No
2005-01-14,0.000,No
2005-01-15,0.000,No
2005-01-16,0.000,No
2005-01-17,0.000,No
2005-01-18,0.000,No
2005-01-19,0.000,No
2005-01-20,0.000,No
2005-01-21,0.000,No
2005-01-22,0.000,No
2005-01-23,0.000,No
2005-01-24,0.000,No
2005-01-25,0.000,No
2005-01-26,0.000,No
2005-01-27,0.000,No
2005-01-28,0.000,No
2005-01-29,0.000,No
2005-01-30,0.000,No
2005-01-31,0.000,No
2005-02-01,0.000,No
2005-02-02,0.000,No
2005-02-03,0.000,No
2005-02-04,0.000,No
2005-02-05,0.000,No
2005-02-06,0.000,No
2005-02-07,0.000,No
2005-02-08,0.000,No
2005-02-09,0.000,No
2005-02-10,0.000,No
2005-02-11,0.000,No
2005-02-12,0.000,No
2005-02-13,0.000,No
2005-02-14,0.000,No
2005-02-15,0.000,No
2005-02-16,0.000,No
2005-02-17,0.000,No
2005-02-18,0.000,No
2005-02-19,0.000,No
2005-02-20,0.000,No
2005-02-21,0.000,No
2005-02-22,0.000,No
2005-02-23,0.000,No
2005-02-24,0.000,No
2005-02-25,0.000,No
2005-02-26,0.000,No
2005-02-27,0.000,No
2005-02-28,0.000,No
2005-03-01,0.000,No
2005-03-02,0.000,No
2005-03-03,0.000,No
2005-03-04,0.000,No
2005-03-05,0.000,No
2005-03-06,0.000,No
2005-03-07,0.000,No
2005-03-08,0.000,No
2005-03-09,0.000,No
2005-03-10,0.000,No
2005-03-11,0.000,No
2005-03-12,0.000,No
2005-03-13,0.000,No
2005-03-14,0.000,No
2005-03-15,0.000,No
2005-03-16,0.000,No
2005-03-17,0.000,No
2005-03-18,0.000,No
2005-03-19,0.000,No
2005-03-20,0.000,No
2005-03-21,0.000,No
2005-03-22,0.000,No
2005-03-23,0.000,No
2005-03-24,0.000,No
2005-03-25,0.000,No
2005-03-26,0.000,No
2005-03-27,0.000,No
2005-03-28,0.000,No
2005-03-29,0.000,No
2005-03-30,0.000,No
2005-03-31,0.000,No
2005-04-01,0.000,No
2005-04-02,0.000,No
2005-04-03,0.000,No
2005-04-04,0.000,No
2005-04-05,0.000,No
2005-04-06,0.000,No
2005-04-07,0.000,No
2005-04-08,0.000,No
2005-04-09,0.000,No
2005-04-10,0.000,No
2005-04-11,0.000,No
2005-04-12,0.000,No
2005-04-13,0.000,No
2005-04-14,0.000,No
2005-04-15,0.000,No
2005-04-16,7.000,No
2005-04-17,0.000,No
2005-04-18,0.000,No
2005-04-19,0.000,No
2005-04-20,0.000,No
2005-04-21,0.000,No
2005-04-22,0.000,No
2005-04-23,0.000,No
2005-04-24,0.000,No
2005-04-25,0.000,No
2005-04-26,0.000,No
2005-04-27,0.000,No
2005-04-28,25.600,No
2005-04-29,12.500,No
2005-04-30,0.000,No
2005-05-01,0.000,No
2005-05-02,0.000,No
2005-05-03,0.000,No
2005-05-04,0.000,No
2005-05-05,0.000,No
2005-05-06,0.000,No
2005-05-07,6.500,No
2005-05-08,7.600,No
2005-05-09,0.000,No
2005-05-10,4.500,No
2005-05-11,3.900,No
2005-05-12,0.000,No
2005-05-13,0.000,No
2005-05-14,0.000,No
2005-05-15,0.000,No
2005-05-16,0.000,No
2005-05-17,0.000,No
2005-05-18,0.000,No
2005-05-19,0.000,No
2005-05-20,0.000,No
2005-05-21,0.000,No
2005-05-22,0.000,No
2005-05-23,0.000,No
2005-05-24,0.000,No
2005-05-25,0.000,No
2005-05-26,0.000,No
2005-05-27,22.500,No
2005-05-28,0.000,No
2005-05-29,0.000,No
2005-05-30,0.000,No
2005-05-31,0.000,No
2005-06-01,8.500,No
2005-06-02,0.000,No
2005-06-03,3.700,No
2005-06-04,19.200,No
2005-06-05,0.000,No
2005-06-06,0.000,No
2005-06-07,0.000,No
2005-06-08,0.000,No
2005-06-09,38.400,No
2005-06-10,0.000,No
2005-06-11,0.000,No
2005-06-12,0.000,No
2005-06-13,0.000,No
2005-06-14,0.000,No
2005-06-15,0.000,No
2005-06-16,0.000,No
2005-06-17,9.500,No
2005-06-18,0.000,No
2005-06-19,0.000,No
2005-06-20,61.900,No
2005-06-21,8.500,No
2005-06-22,18.700,No
2005-06-23,0.000,No
2005-06-24,4.500,No
2005-06-25,0.000,No
2005-06-26,3.700,No
2005-06-27,0.000,No
2005-06-28,0.000,No
2005-06-29,0.000,No
2005-06-30,0.000,No
2005-07-01,0.000,No
2005-07-02,8.500,No
2005-07-03,19.000,No
2005-07-04,48.800,No
2005-07-05,4.200,No
2005-07-06,9.600,No
2005-07-07,11.200,No
2005-07-08,12.800,No
2005-07-09,0.000,No
2005-07-10,0.000,No
2005-07-11,0.000,No
2005-07-12,0.000,No
2005-07-13,6.200,No
2005-07-14,0.000,No
2005-07-15,11.700,No
2005-07-16,0.000,No
2005-07-17,0.000,No
2005-07-18,0.000,No
2005-07-19,0.000,No
2005-07-20,4.900,No
2005-07-21,0.000,No
2005-07-22,0.000,No
2005-07-23,2.900,No
2005-07-24,0.000,No
2005-07-25,0.000,No
2005-07-26,6.500,No
2005-07-27,18.000,No
2005-07-28,4.200,No
2005-07-29,25.200,No
2005-07-30,9.900,No
2005-07-31,18.500,No
2005-08-01,0.000,No
2005-08-02,0.000,No
2005-08-03,0.000,No
2005-08-04,0.000,No
2005-08-05,5.200,No
2005-08-06,0.000,No
2005-08-07,2.500,No
2005-08-08,0.000,No
2005-08-09,12.200,No
2005-08-10,0.000,No
2005-08-11,2.500,No
2005-08-12,11.400,No
2005-08-13,17.900,No
2005-08-14,0.000,No
2005-08-15,0.000,No
2005-08-16,32.800,No
2005-08-17,6.600,No
2005-08-18,0.000,No
2005-08-19,0.000,No
2005-08-20,0.000,No
2005-08-21,0.000,No
2005-08-22,0.000,No
2005-08-23,0.000,No
2005-08-24,0.000,No
2005-08-25,0.000,No
2005-08-26,0.000,No
2005-08-27,0.000,No
2005-08-28,3.200,No
2005-08-29,0.000,No
2005-08-30,5.200,No
2005-08-31,0.000,No
2005-09-01,10.900,No
2005-09-02,0.000,No
2005-09-03,4.500,No
2005-09-04,0.000,No
2005-09-05,0.000,No
2005-09-06,0.000,No
2005-09-07,3.500,No
2005-09-08,0.000,No
2005-09-09,4.700,No
2005-09-10,0.000,No
2005-09-11,29.500,No
2005-09-12,62.200,No
2005-09-13,9.900,No
2005-09-14,3.600,No
2005-09-15,0.000,No
2005-09-16,0.000,No
2005-09-17,0.000,No
2005-09-18,4.200,No
2005-09-19,19.100,No
2005-09-20,0.000,No
2005-09-21,0.000,No
2005-09-22,0.000,No
2005-09-23,0.000,No
2005-09-24,0.000,No
2005-09-25,0.000,No
2005-09-26,2.800,No
2005-09-27,0.000,No
2005-09-28,12.900,No
2005-09-29,0.000,No
2005-09-30,10.500,No
2005-10-01,0.000,No
2005-10-02,0.000,No
2005-10-03,2.500,No
2005-10-04,0.000,No
2005-10-05,0.000,No
2005-10-06,0.000,No
2005-10-07,0.000,No
2005-10-08,10.800,No
2005-10-09,9.700,No
2005-10-10,17.900,No
2005-10-11,6.900,No
2005-10-12,0.000,No
2005-10-13,27.800,No
2005-10-14,2.600,No
2005-10-15,0.000,No
2005-10-16,0.000,No
2005-10-17,3.500,No
2005-10-18,4.500,No
2005-10-19,18.800,No
2005-10-20,19.900,No
2005-10-21,11.500,No
2005-10-22,11.900,No
2005-10-23,0.000,No
2005-10-24,15.300,No
2005-10-25,8.200,No
2005-10-26,0.000,No
2005-10-27,0.000,No
2005-10-28,0.000,No
2005-10-29,10.500,No
2005-10-30,8.500,No
2005-10-31,0.000,No
2005-11-01,0.000,No
2005-11-02,5.500,No
2005-11-03,7.600,No
2005-11-04,12.500,No
2005-11-05,11.900,No
2005-11-06,8.500,No
2005-11-07,0.000,No
2005-11-08,34.700,No
2005-11-09,14.700,No
2005-11-10,0.000,No
2005-11-11,44.200,No
2005-11-12,11.100,No
2005-11-13,11.900,No
2005-11-14,0.000,No
2005-11-15,0.000,No
2005-11-16,18.500,No
2005-11-17,29.700,No
2005-11-18,0.000,No
2005-11-19,0.000,No
2005-11-20,0.000,No
2005-11-21,0.000,No
2005-11-22,0.000,No
2005-11-23,0.000,No
2005-11-24,24.900,No
2005-11-25,8.800,No
2005-11-26,13.500,No
2005-11-27,34.900,No
2005-11-28,7.700,No
2005-11-29,0.000,No
2005-11-30,0.000,No
2005-12-01,6.500,No
2005-12-02,0.000,No
2005-12-03,0.000,No
2005-12-04,0.000,No
2005-12-05,14.200,No
2005-12-06,7.800,No
2005-12-07,0.000,No
2005-12-08,0.000,No
2005-12-09,0.000,No
2005-12-10,0.000,No
2005-12-11,25.700,No
2005-12-12,8.200,No
2005-12-13,5.500,No
2005-12-14,0.000,No
2005-12-15,6.500,No
2005-12-16,0.000,No
2005-12-17,0.000,No
2005-12-18,0.000,No
2005-12-19,15.500,No
2005-12-20,0.000,No
2005-12-21,0.000,No
2005-12-22,0.000,No
2005-12-23,0.000,No
2005-12-24,0.000,No
2005-12-25,0.000,No
2005-12-26,0.000,No
2005-12-27,0.000,No
2005-12-28,0.000,No
2005-12-29,0.000,No
2005-12-30,0.000,No
2005-12-31,0.000,No
2006-01-01,0.000,No
2006-01-02,0.000,No
2006-01-03,0.000,No
2006-01-04,0.000,No
2006-01-05,0.000,No
2006-01-06,0.000,No
2006-01-07,0.000,No
2006-01-08,0.000,No
2006-01-09,0.000,No
2006-01-10,0.000,No
2006-01-11,0.000,No
2006-01-12,0.000,No
2006-01-13,0.000,No
2006-01-14,0.000,No
2006-01-15,0.000,No
2006-01-16,0.000,No
2006-01-17,0.000,No
2006-01-18,0.000,No
2006-01-19,0.000,No
2006-01-20,0.000,No
2006-01-21,0.000,No
2006-01-22,0.000,No
2006-01-23,0.000,No
2006-01-24,0.000,No
2006-01-25,0.000,No
2006-01-26,0.000,No
2006-01-27,0.000,No
2006-01-28,0.000,No
2006-01-29,5.200,No
2006-01-30,0.000,No
2006-01-31,0.000,No
2006-02-01,0.000,No
2006-02-02,0.000,No
2006-02-03,0.000,No
2006-02-04,0.000,No
2006-02-05,3.500,No
2006-02-06,0.000,No
2006-02-07,0.000,No
2006-02-08,0.000,No
2006-02-09,0.000,No
2006-02-10,4.600,No
2006-02-11,0.000,No
2006-02-12,0.000,No
2006-02-13,0.000,No
2006-02-14,0.000,No
2006-02-15,0.000,No
2006-02-16,0.000,No
2006-02-17,0.000,No
2006-02-18,0.000,No
2006-02-19,0.000,No
2006-02-20,0.000,No
2006-02-21,0.000,No
2006-02-22,0.000,No
2006-02-23,0.000,No
2006-02-24,0.000,No
2006-02-25,0.000,No
2006-02-26,0.000,No
2006-02-27,0.000,No
2006-02-28,0.000,No
2006-03-01,0.000,No
2006-03-02,0.000,No
2006-03-03,0.000,No
2006-03-04,0.000,No
2006-03-05,0.000,No
2006-03-06,0.000,No
2006-03-07,0.000,No
2006-03-08,0.000,No
2006-03-09,0.000,No
2006-03-10,0.000,No
2006-03-11,0.000,No
2006-03-12,0.000,No
2006-03-13,0.000,No
2006-03-14,15.200,No
2006-03-15,11.000,No
2006-03-16,0.000,No
2006-03-17,0.000,No
2006-03-18,0.000,No
2006-03-19,0.000,No
2006-03-20,0.000,No
2006-03-21,0.000,No
2006-03-22,0.000,No
2006-03-23,0.000,No
2006-03-24,0.000,No
2006-03-25,0.000,No
2006-03-26,0.000,No
2006-03-27,0.000,No
2006-03-28,0.000,No
2006-03-29,0.000,No
2006-03-30,0.000,No
2006-03-31,14.800,No
2006-04-01,12.200,No
2006-04-02,0.000,No
2006-04-03,6.200,No
2006-04-04,2.000,No
2006-04-05,0.000,No
2006-04-06,0.000,No
2006-04-07,0.000,No
2006-04-08,0.000,No
2006-04-09,0.000,No
2006-04-10,0.000,No
2006-04-11,16.400,No
2006-04-12,0.000,No
2006-04-13,0.000,No
2006-04-14,0.000,No
2006-04-15,0.000,No
2006-04-16,4.700,No
2006-04-17,0.000,No
2006-04-18,0.000,No
2006-04-19,0.000,No
2006-04-20,0.000,No
2006-04-21,0.000,No
2006-04-22,18.200,No
2006-04-23,15.000,No
2006-04-24,0.000,No
2006-04-25,0.000,No
2006-04-26,0.000,No
2006-04-27,0.000,No
2006-04-28,8.300,No
2006-04-29,27.800,No
2006-04-30,0.000,No
2006-05-01,0.000,No
2006-05-02,0.000,No
2006-05-03,0.000,No
2006-05-04,0.000,No
2006-05-05,0.000,No
2006-05-06,7.500,No
2006-05-07,0.000,No
2006-05-08,0.000,No
2006-05-09,0.000,No
2006-05-10,0.000,No
2006-05-11,7.600,No
2006-05-12,0.000,No
2006-05-13,0.000,No
2006-05-14,3.800,No
2006-05-15,0.000,No
2006-05-16,0.000,No
2006-05-17,6.700,No
2006-05-18,11.200,No
2006-05-19,15.000,No
2006-05-20,10.500,No
2006-05-21,13.800,No
2006-05-22,0.000,No
2006-05-23,29.700,No
2006-05-24,12.900,No
2006-05-25,13.500,No
2006-05-26,0.000,No
2006-05-27,16.500,No
2006-05-28,0.000,No
2006-05-29,12.500,No
2006-05-30,0.000,No
2006-05-31,11.400,No
2006-06-01,0.000,No
2006-06-02,0.000,No
2006-06-03,3.500,No
2006-06-04,0.000,No
2006-06-05,32.300,No
2006-06-06,24.300,No
2006-06-07,13.200,No
2006-06-08,0.000,No
2006-06-09,0.000,No
2006-06-10,0.000,No
2006-06-11,0.000,No
2006-06-12,0.000,No
2006-06-13,11.700,No
2006-06-14,0.000,No
2006-06-15,0.000,No
2006-06-16,0.000,No
2006-06-17,22.300,No
2006-06-18,9.700,No
2006-06-19,0.000,No
2006-06-20,0.000,No
2006-06-21,0.000,No
2006-06-22,0.000,No
2006-06-23,23.500,No
2006-06-24,17.100,No
2006-06-25,0.000,No
2006-06-26,28.300,No
2006-06-27,21.600,No
2006-06-28,7.500,No
2006-06-29,11.900,No
2006-06-30,12.800,No
2006-07-01,13.900,No
2006-07-02,16.700,No
2006-07-03,22.600,No
2006-07-04,0.000,No
2006-07-05,11.500,No
2006-07-06,0.000,No
2006-07-07,0.000,No
2006-07-08,5.600,No
2006-07-09,16.700,No
2006-07-10,0.000,No
2006-07-11,5.200,No
2006-07-12,0.000,No
2006-07-13,8.200,No
2006-07-14,11.300,No
2006-07-15,9.300,No
2006-07-16,47.200,No
2006-07-17,0.000,No
2006-07-18,0.000,No
2006-07-19,0.000,No
2006-07-20,0.000,No
2006-07-21,0.000,No
2006-07-22,0.000,No
2006-07-23,0.000,No
2006-07-24,0.000,No
2006-07-25,0.000,No
2006-07-26,0.000,No
2006-07-27,0.000,No
2006-07-28,4.800,No
2006-07-29,0.000,No
2006-07-30,31.200,No
2006-07-31,0.000,No
2006-08-01,0.000,No
2006-08-02,0.000,No
2006-08-03,0.000,No
2006-08-04,13.300,No
2006-08-05,43.700,No
2006-08-06,15.200,No
2006-08-07,0.000,No
2006-08-08,0.000,No
2006-08-09,0.000,No
2006-08-10,0.000,No
2006-08-11,0.000,No
2006-08-12,0.000,No
2006-08-13,0.000,No
2006-08-14,0.000,No
2006-08-15,16.100,No
2006-08-16,17.600,No
2006-08-17,0.000,No
2006-08-18,0.000,No
2006-08-19,0.000,No
2006-08-20,0.000,No
2006-08-21,0.000,No
2006-08-22,0.000,No
2006-08-23,5.200,No
2006-08-24,0.000,No
2006-08-25,11.500,No
2006-08-26,0.000,No
2006-08-27,0.000,No
2006-08-28,0.000,No
2006-08-29,0.000,No
2006-08-30,0.000,No
2006-08-31,0.000,No
2006-09-01,0.000,No
2006-09-02,0.000,No
2006-09-03,0.000,No
2006-09-04,0.000,No
2006-09-05,31.300,No
2006-09-06,4.600,No
2006-09-07,0.000,No
2006-09-08,0.000,No
2006-09-09,0.000,No
2006-09-10,0.000,No
2006-09-11,0.000,No
2006-09-12,26.200,No
2006-09-13,5.200,No
2006-09-14,0.000,No
2006-09-15,0.000,No
2006-09-16,0.000,No
2006-09-17,0.000,No
2006-09-18,38.300,No
2006-09-19,3.200,No
2006-09-20,11.900,No
2006-09-21,29.800,No
2006-09-22,22.500,No
2006-09-23,11.800,No
2006-09-24,38.200,No
2006-09-25,6.800,No
2006-09-26,10.400,No
2006-09-27,9.700,No
2006-09-28,4.500,No
2006-09-29,0.000,No
2006-09-30,0.000,No
2006-10-01,21.200,No
2006-10-02,11.400,No
2006-10-03,6.800,No
2006-10-04,27.200,No
2006-10-05,0.000,No
2006-10-06,10.400,No
2006-10-07,0.000,No
2006-10-08,20.200,No
2006-10-09,5.900,No
2006-10-10,9.900,No
2006-10-11,27.400,No
2006-10-12,0.000,No
2006-10-13,3.200,No
2006-10-14,0.000,No
2006-10-15,0.000,No
2006-10-16,22.700,No
2006-10-17,0.000,No
2006-10-18,0.000,No
2006-10-19,0.000,No
2006-10-20,16.600,No
2006-10-21,3.500,No
2006-10-22,0.000,No
2006-10-23,0.000,No
2006-10-24,0.000,No
2006-10-25,21.800,No
2006-10-26,18.500,No
2006-10-27,0.000,No
2006-10-28,0.000,No
2006-10-29,0.000,No
2006-10-30,0.000,No
2006-10-31,0.000,No
2006-11-01,0.000,No
2006-11-02,0.000,No
2006-11-03,4.500,No
2006-11-04,2.700,No
2006-11-05,0.000,No
2006-11-06,0.000,No
2006-11-07,0.000,No
2006-11-08,11.800,No
2006-11-09,0.000,No
2006-11-10,0.000,No
2006-11-11,4.200,No
2006-11-12,0.000,No
2006-11-13,0.000,No
2006-11-14,0.000,No
2006-11-15,18.800,No
2006-11-16,0.000,No
2006-11-17,0.000,No
2006-11-18,0.000,No
2006-11-19,0.000,No
2006-11-20,0.000,No
2006-11-21,0.000,No
2006-11-22,0.000,No
2006-11-23,0.000,No
2006-11-24,0.000,No
2006-11-25,0.000,No
2006-11-26,0.000,No
2006-11-27,0.000,No
2006-11-28,0.000,No
2006-11-29,0.000,No
2006-11-30,0.000,No
2006-12-01,0.000,No
2006-12-02,0.000,No
2006-12-03,0.000,No
2006-12-04,4.500,No
2006-12-05,0.000,No
2006-12-06,0.000,No
2006-12-07,0.000,No
2006-12-08,12.200,No
2006-12-09,0.000,No
2006-12-10,0.000,No
2006-12-11,6.700,No
2006-12-12,0.000,No
2006-12-13,0.000,No
2006-12-14,0.000,No
2006-12-15,9.500,No
2006-12-16,0.000,No
2006-12-17,0.000,No
2006-12-18,0.000,No
2006-12-19,0.000,No
2006-12-20,0.000,No
2006-12-21,0.000,No
2006-12-22,0.000,No
2006-12-23,0.000,No
2006-12-24,0.000,No
2006-12-25,0.000,No
2006-12-26,0.000,No
2006-12-27,0.000,No
2006-12-28,0.000,No
2006-12-29,0.000,No
2006-12-30,0.000,No
2006-12-31,0.000,No
